time,ax (m/s^2),ay (m/s^2),az (m/s^2),aT (m/s^2)
0.003215,-0.2938,0.2165,-0.6543,0.749
0.012495,-0.1703,0.3819,0.1304,0.438
0.037877,0.2097,0.3463,0.5937,0.719
0.046569,0.3127,0.1790,0.4321,0.563
0.065729,0.3568,0.1285,0.4068,0.556
0.089609,-0.0238,0.2222,0.3018,0.376
0.116486,0.1575,0.2024,0.4192,0.491
0.125665,0.1552,0.2183,0.4641,0.536
0.145535,0.2921,0.2387,0.3562,0.519
0.166250,0.1589,0.1985,0.0444,0.258
0.202678,0.0997,0.1229,0.0805,0.178
0.228126,-0.0264,0.2276,-0.0090,0.229
0.236360,-0.0118,0.1793,-0.0342,0.183
0.247882,0.0516,0.1224,-0.1049,0.169
0.268585,-0.0211,0.0891,-0.2487,0.265
0.292450,-0.1838,0.0817,-0.4008,0.448
0.313454,-0.1506,0.2182,0.0147,0.265
0.336210,-0.0315,-0.0041,0.1881,0.191
0.350110,-0.0705,-0.0683,-0.0672,0.119
0.370196,-0.3443,0.0020,-0.4667,0.580
0.398196,-0.2289,0.2778,-0.0394,0.362
0.412413,-0.0167,0.1161,0.5309,0.544
0.435204,0.0868,0.2422,1.0076,1.040
0.453935,0.0845,0.2252,0.7418,0.780
0.481527,-0.2426,-0.1645,-0.8931,0.940
0.502704,-0.4285,0.1779,-0.5674,0.733
0.517337,-0.3375,0.3279,-0.2058,0.514
0.535776,-0.2108,0.3771,-0.1800,0.468
0.557375,-0.1822,0.2199,-0.0749,0.295
0.585597,0.1019,0.1276,0.1287,0.208
0.596171,0.0679,0.1751,0.1931,0.269
0.616478,-0.1360,0.3942,0.6483,0.771
0.636019,0.0906,0.7466,1.0720,1.310
0.656184,0.2805,0.1944,0.7674,0.840
0.686040,-0.1733,-0.1013,-1.4041,1.418
0.697093,-0.2640,0.0377,-1.7978,1.817
0.719228,-0.3906,0.1505,-1.4330,1.493
0.737649,-0.2546,0.8229,0.1997,0.884
0.758177,-0.2985,0.6067,1.5655,1.705
0.785183,0.0438,0.2622,0.6721,0.723
0.798967,0.1260,0.1887,-0.0843,0.242
0.822333,-0.1239,0.1233,-0.2417,0.298
0.839346,0.0479,0.3600,-0.3548,0.508
0.859348,0.1514,0.1251,0.0666,0.207
0.879499,0.4375,-0.2094,0.1047,0.496
0.904160,0.6382,-0.2121,0.2480,0.717
0.919976,0.5046,-0.2547,0.0387,0.567
0.940252,0.1551,0.0088,-0.1191,0.196
0.960240,-0.1883,0.3515,-0.3291,0.517
0.980739,-0.2676,0.4996,-0.5409,0.783
1.007410,-0.4216,0.5066,-0.2716,0.713
1.021254,-0.4444,0.5183,-0.2934,0.743
1.041042,-0.5011,0.6023,-0.3603,0.862
1.061882,-0.2098,0.5737,-0.5322,0.810
1.081616,-0.0888,0.5216,-0.4797,0.714
1.101748,-0.0949,0.3432,-0.6031,0.700
1.122313,-0.0933,0.2805,0.0492,0.300
1.142326,-0.2199,0.2923,0.1469,0.394
1.163041,-0.1278,0.3858,-0.1522,0.434
1.183834,-0.0240,0.6737,-0.1952,0.702
1.213099,0.0225,0.7409,0.0984,0.748
1.223631,0.1699,0.6086,0.0896,0.638
1.243735,0.1145,0.4193,-0.0741,0.441
1.263967,0.2157,0.4500,0.0342,0.500
1.292821,0.3609,0.5000,-0.0971,0.624
1.315510,0.0911,0.7226,0.3628,0.814
1.324108,0.1538,0.8373,0.3478,0.920
1.344563,0.0064,0.9643,0.2830,1.005
1.365992,0.1957,0.9815,-0.2759,1.038
1.391395,0.0186,0.9545,-0.7936,1.241
1.411822,0.2079,1.1117,-0.6055,1.283
1.425113,0.1656,1.0748,-0.6865,1.286
1.445351,0.1183,1.0528,-0.7242,1.283
1.465545,0.2898,1.0384,-0.2623,1.109
1.486458,0.3256,0.8750,0.0415,0.935
1.507134,0.2959,0.8025,0.1471,0.868
1.525869,0.4335,0.5972,0.0923,0.744
1.546066,0.5316,0.2943,0.1782,0.633
1.566778,0.3426,0.3406,0.5344,0.720
1.586344,0.4968,0.5829,1.1481,1.380
1.606553,0.2664,0.3534,0.9386,1.038
1.626729,0.2819,0.3213,0.5954,0.733
1.646697,0.1216,0.2001,0.8409,0.873
1.666748,0.2297,0.0348,0.9066,0.936
1.702187,0.0771,0.4781,0.3284,0.585
1.717841,-0.1494,-0.0121,0.3158,0.350
1.734622,0.1110,-0.1370,0.4105,0.447
1.750575,-0.0757,0.0628,0.4522,0.463
1.768114,-0.2636,-0.1586,0.5225,0.606
1.801613,-0.0546,-0.6438,0.6350,0.906
1.817104,-0.1625,-0.4062,0.4681,0.641
1.833535,-0.2347,-0.1637,0.0293,0.288
1.850297,-0.3745,-0.2059,-0.3201,0.534
1.868614,-0.4712,-0.0248,-0.3649,0.596
1.907653,-0.5154,-0.2384,-1.2702,1.391
1.924939,-0.5318,-0.5259,-1.4012,1.588
1.933178,-0.3083,-0.7246,-1.1946,1.431
1.950132,0.1089,-0.9827,-0.5056,1.111
1.969817,0.4366,-0.8691,0.0820,0.976
2.008202,0.3019,-0.3155,0.2907,0.525
2.027345,0.0794,0.0307,-0.2980,0.310
2.033703,0.0664,0.1033,-0.4584,0.475
2.050614,0.0835,0.1861,-1.2594,1.276
2.070398,-0.0846,0.1927,-1.9184,1.930
2.105480,-0.1185,0.5350,-1.4408,1.541
2.129169,-0.1943,0.4933,-1.1318,1.250
2.133536,-0.2162,0.4727,-1.0768,1.196
2.151522,-0.2213,0.5121,-0.8000,0.975
2.171173,-0.5447,0.6635,-0.5653,1.028
2.204561,-0.5384,0.6899,-0.1375,0.886
2.228260,-0.2994,0.7536,-0.0757,0.814
2.233078,-0.2510,0.7881,-0.0984,0.833
2.253046,-0.2239,0.9112,0.2401,0.968
2.272902,-0.0748,1.0234,0.6147,1.196
2.303510,-0.1188,1.0692,0.6259,1.245
2.330719,-0.3583,0.8798,0.1868,0.968
2.350594,-0.5117,0.6370,0.3266,0.880
2.365992,-0.6033,0.5209,0.7556,1.098
2.382534,-0.6138,0.4689,1.3362,1.543
2.399808,-0.5234,0.5440,1.7748,1.929
2.419767,-0.3779,0.3748,1.4062,1.504
2.439794,0.2338,0.9038,0.3318,0.991
2.455031,0.4613,1.4350,-0.9099,1.761
2.484700,0.9861,-0.1566,0.3071,1.045
2.506056,0.7256,-0.7396,2.1906,2.423
2.515879,0.5173,-1.3616,3.4144,3.712
2.536887,1.1345,-1.8271,4.7016,5.170
2.556960,1.0669,-1.3335,2.7430,3.231
2.586709,0.2453,-1.0135,-0.8510,1.346
2.613202,-0.2479,-0.7845,-1.4645,1.680
2.631813,0.2963,-0.2976,-1.3526,1.416
2.648409,0.5259,-0.1553,-1.6300,1.720
2.664945,0.7935,-0.4454,-1.8811,2.090
2.681679,0.8452,-0.5664,-1.6349,1.926
2.703807,0.5061,-0.5990,-0.9260,1.213
2.726589,-0.0059,-0.5829,-0.2083,0.619
2.739545,-0.0876,-0.4400,-0.0469,0.451
2.760958,-0.0720,-0.3009,-0.1827,0.359
2.787707,-0.0566,-0.1541,-0.8086,0.825
2.816729,-0.2131,0.0824,-1.2813,1.302
2.830978,-0.0068,0.2496,-1.3955,1.418
2.846787,-0.0144,0.2408,-1.6374,1.655
2.863535,0.0362,0.2014,-1.6461,1.659
2.903847,0.1229,0.0977,-0.5800,0.601
2.904925,0.1229,0.0977,-0.5800,0.601
2.924022,0.1707,0.2042,-0.5275,0.591
2.942799,0.0111,0.3212,-0.6364,0.713
2.963209,-0.0474,0.2633,-0.2671,0.378
3.001707,-0.2832,-0.0737,1.5068,1.535
3.026794,0.4903,-0.0043,1.9133,1.975
3.027291,0.5192,0.1205,1.7833,1.861
3.046186,0.1605,-0.1098,1.6170,1.629
3.065319,-0.1526,-0.8462,2.2642,2.422
3.103094,-0.2103,-1.0364,4.1221,4.256
3.130484,-0.1539,-0.8469,2.1948,2.358
3.130764,-0.1539,-0.8469,2.1948,2.358
3.145972,-0.4695,-0.5556,0.3109,0.791
3.166931,-0.6288,-0.1249,-1.7139,1.830
3.200470,-1.0715,0.0049,-2.3509,2.584
3.231806,-0.6374,0.1508,-0.7587,1.002
3.238886,-0.5174,-0.0441,-0.6844,0.859
3.247486,-0.6691,-0.3637,-0.7224,1.050
3.268696,-0.8398,-1.2156,-0.7032,1.636
3.298476,0.1505,-1.2152,0.6017,1.364
3.322422,0.1995,-0.4926,0.9990,1.132
3.330137,0.0794,-0.4041,0.7827,0.884
3.350383,-0.2205,-0.2719,-0.6514,0.740
3.370355,-0.3339,-0.2060,-2.2088,2.243
3.394585,-0.4443,0.1339,-2.8665,2.904
3.413950,-0.5912,0.4137,-2.6443,2.741
3.431190,-0.5282,0.3994,-2.1554,2.255
3.451134,-0.5348,0.4363,-1.3887,1.551
3.471331,-0.5511,0.4150,-0.5100,0.858
3.494657,-0.4781,0.3155,0.1866,0.602
3.511954,-0.4999,0.3857,0.6897,0.935
3.532039,-0.4192,0.7234,1.0147,1.315
3.552664,-0.5182,0.6987,1.0092,1.332
3.572678,-0.5100,0.6901,0.9157,1.255
3.594548,-0.3131,0.4570,0.8659,1.028
3.613397,-0.5228,-0.0207,1.2358,1.342
3.633022,-0.2667,0.1637,2.2584,2.280
3.653195,0.0300,1.0326,2.2019,2.432
3.672993,-0.1782,0.3732,1.0951,1.171
3.698643,0.0886,-0.1909,1.3158,1.333
3.726345,0.7425,-0.9870,2.9362,3.185
3.743642,1.0866,-0.7468,2.9697,3.249
3.760115,0.8321,-0.6521,2.1144,2.364
3.777038,0.2673,-0.7077,0.1682,0.775
3.811958,0.0282,-0.5310,-2.0515,2.119
3.828746,0.1650,-0.3539,-1.9965,2.034
3.842438,0.2769,-0.2805,-1.8535,1.895
3.859315,0.3424,-0.4209,-1.7282,1.811
3.875769,0.5339,-0.8195,-1.5883,1.865
3.920691,0.5331,-0.8827,-0.2031,1.051
3.922105,0.4568,-0.8033,-0.0712,0.927
3.954480,0.1252,-0.1246,-0.1216,0.214
3.960584,0.0937,-0.0520,-0.3065,0.325
3.977642,-0.0188,0.1226,-1.1964,1.203
4.015267,-0.1203,0.3086,-1.8500,1.879
4.043218,0.1831,0.5006,-1.3695,1.470
4.048418,0.2020,0.5140,-1.2784,1.393
4.059181,0.2132,0.5531,-1.0961,1.246
4.079497,0.2068,0.5636,-0.8465,1.038
4.118747,0.3745,0.4121,-0.1493,0.576
4.142538,0.0582,0.5568,0.2749,0.624
4.143333,0.0582,0.5568,0.2749,0.624
4.160120,0.1815,0.7622,0.5334,0.948
4.180716,0.1154,0.7219,0.3508,0.811
4.214592,0.1135,0.2133,0.7881,0.824
4.242390,0.6719,-0.0926,1.8231,1.945
4.242834,0.6719,-0.0926,1.8231,1.945
4.261685,0.5278,0.7461,1.3348,1.618
4.282058,-0.4906,-0.2465,1.5689,1.662
4.311946,-0.0674,-0.6074,3.0004,3.062
4.339918,0.0418,-0.8316,3.0727,3.184
4.357509,0.1219,-0.2236,1.3272,1.351
4.375160,0.0009,0.0521,-0.4125,0.416
4.390815,-0.7843,-0.0101,-2.4005,2.525
4.414706,-0.9631,0.0398,-1.7971,2.039
4.434897,-0.6139,0.2188,-0.4321,0.782
4.444168,-0.6267,0.2175,-0.2794,0.720
4.464249,-0.6280,-0.4120,-0.3284,0.820
4.486630,-0.2119,-1.2045,-0.6138,1.368
4.515294,0.3879,-0.6503,0.8036,1.104
4.531524,0.3262,-0.2998,0.9558,1.053
4.551404,0.0649,-0.0482,-0.1787,0.196
4.573645,-0.1535,0.0599,-1.8173,1.825
4.596442,-0.2116,0.1496,-3.0086,3.020
4.623130,-0.1059,0.3461,-2.4220,2.449
4.641330,-0.2227,0.3485,-1.5568,1.611
4.661856,-0.3208,0.3200,-0.9663,1.067
4.684432,-0.3815,0.2095,-0.5643,0.713
4.706559,-0.3339,0.1774,0.0874,0.388
4.733450,-0.3326,0.6854,0.3436,0.836
4.734842,-0.3924,0.7156,0.2799,0.863
4.752195,-0.5967,0.8146,0.0441,1.011
4.772755,-0.5538,0.9054,0.2673,1.095
4.794833,-0.2473,0.7297,0.8799,1.169
4.821616,-0.7740,-0.2016,1.8006,1.970
4.838243,-0.5811,-0.3895,2.5398,2.634
4.860072,-0.0608,1.0000,2.4781,2.673
4.883131,-0.2375,1.1983,1.0617,1.618
4.905458,0.3431,0.0811,0.8142,0.887
4.933708,0.2022,-0.3285,1.8520,1.892
4.957974,1.2168,-0.6347,2.1416,2.544
4.958421,1.2168,-0.6347,2.1416,2.544
4.975682,1.0275,-0.4662,0.7125,1.334
5.019130,0.3485,-0.3116,-1.4935,1.565
5.020035,0.3485,-0.3116,-1.4935,1.565
5.041838,0.4367,-0.1389,-1.1130,1.204
5.060523,0.6622,-0.1175,-1.3758,1.531
5.083075,0.6664,-0.7692,-1.4835,1.799
5.105370,0.8852,-1.0047,-0.3954,1.396
5.133543,0.5463,-0.3910,0.4361,0.801
5.161935,-0.1082,-0.1999,-0.6266,0.667
5.162687,-0.1564,-0.1444,-0.9785,1.001
5.178283,-0.2555,0.0324,-1.8687,1.886
5.220742,-0.2244,0.2716,-2.5325,2.557
5.221523,-0.2244,0.2716,-2.5325,2.557
5.242301,-0.0212,0.2870,-1.8881,1.910
5.260954,0.1284,0.3488,-1.2475,1.302
5.281578,0.1962,0.1870,-0.9106,0.950
5.304476,0.4498,0.2026,-0.1928,0.530
5.330847,0.2805,0.1281,0.2239,0.381
5.357654,0.1126,0.1510,0.3645,0.410
5.369994,0.0809,0.2485,0.3038,0.401
5.392813,-0.1298,0.3246,0.7012,0.784
5.414504,0.4074,0.5553,1.3332,1.501
5.441551,0.0261,0.0215,1.9103,1.911
5.462627,0.1562,-0.1204,3.4361,3.442
5.480042,-0.0789,-0.2344,4.1302,4.138
5.502045,0.1388,-0.5776,3.5321,3.582
5.523886,0.1266,-0.3517,1.4800,1.527
5.551868,-0.2821,0.2035,-1.2511,1.299
5.552865,-0.2821,0.2035,-1.2511,1.299
5.575606,-0.5529,0.0640,-2.0745,2.148
5.591044,-0.3809,0.2936,-1.6490,1.718
5.613810,-0.7793,0.2133,-0.8156,1.148
5.642848,-0.6267,-0.7022,-0.0758,0.944
5.670005,0.1391,-0.9144,0.0332,0.926
5.670304,0.1391,-0.9144,0.0332,0.926
5.688718,0.2929,-0.7042,0.5945,0.967
5.730391,-0.1932,0.0494,-0.7302,0.757
5.731297,-0.1932,0.0494,-0.7302,0.757
5.754887,-0.3726,0.0214,-2.6890,2.715
5.770280,-0.4481,-0.0339,-3.2083,3.240
5.790818,-0.4844,0.2446,-3.2958,3.340
5.819351,-0.5298,0.5034,-2.6707,2.769
5.842128,-0.5425,0.4958,-1.6597,1.815
5.856690,-0.6957,0.4338,-1.3386,1.570
5.880970,-0.7606,0.4284,-0.5413,1.027
5.901388,-0.5432,0.6200,0.3541,0.897
5.931691,-0.2870,0.8368,1.9297,2.123
5.956878,-0.4318,0.9164,1.7745,2.043
5.957173,-0.4318,0.9164,1.7745,2.043
5.973650,-0.6695,0.5248,1.5362,1.756
6.020480,-0.2607,-0.2764,3.0065,3.030
6.022693,0.0015,-0.0502,3.0386,3.039
6.044112,0.2326,1.4249,1.9595,2.434
6.055260,0.1289,1.3067,1.2193,1.792
6.077183,0.1719,0.2879,0.8179,0.884
6.099727,0.2732,-0.1291,1.6041,1.632
6.126598,0.9689,-0.8578,2.3411,2.675
6.157129,0.6613,-0.9201,0.8853,1.438
6.157454,0.6613,-0.9201,0.8853,1.438
6.177219,0.7530,-0.8075,-0.3553,1.160
6.218765,0.6323,-0.3144,-2.5541,2.650
6.221311,0.7306,-0.2519,-2.6667,2.776
6.245297,0.9119,-0.2900,-2.4281,2.610
6.258320,0.9251,-0.5048,-1.9921,2.254
6.278951,0.6991,-0.7829,-1.0515,1.486
6.322150,-0.2153,-0.2650,-0.3877,0.517
6.322719,-0.2153,-0.2650,-0.3877,0.517
6.344665,-0.0948,-0.1078,-1.1394,1.148
6.366915,0.0208,0.2085,-1.7817,1.794
6.388636,0.0355,0.3679,-1.9300,1.965
6.412124,0.3494,0.5266,-1.4837,1.613
6.442524,0.4719,0.3948,-1.1821,1.333
6.445454,0.4439,0.3329,-1.1269,1.256
6.469563,0.4276,0.1779,-0.7710,0.899
6.481946,0.3684,0.2153,-0.5516,0.697
6.523970,0.0408,0.4136,0.4137,0.586
6.525221,0.0014,0.4322,0.5072,0.666
6.549498,-0.1890,0.4641,0.7218,0.879
6.563921,-0.2182,0.4199,0.6884,0.835
6.587919,0.4383,0.5097,0.9494,1.163
6.610260,0.3697,0.8445,1.0311,1.383
6.646484,-0.1866,-0.2584,3.4192,3.434
6.649510,-0.1866,-0.2584,3.4192,3.434
6.669508,0.2536,-0.7828,5.2962,5.360
6.685823,0.5357,-0.6569,4.1109,4.197
6.723873,-0.3656,-0.0107,-1.3595,1.408
6.749215,-0.9204,-0.0112,-2.9939,3.132
6.749604,-0.9334,0.0536,-2.8694,3.018
6.767544,-0.7565,0.3023,-1.7343,1.916
6.788717,-0.4488,0.2455,-0.4445,0.678
6.810028,-0.6056,-0.3157,-0.0005,0.683
6.842675,0.2246,-0.9995,0.2435,1.053
6.887917,0.0121,-0.2443,0.1619,0.293
6.888596,-0.0534,-0.1223,-0.1998,0.240
6.895172,-0.1502,0.0029,-0.6280,0.646
6.918849,-0.3617,0.1480,-2.1482,2.183
6.945506,-0.2576,0.1877,-2.9283,2.946
6.967613,-0.2447,0.3913,-2.0547,2.106
6.984699,-0.3456,0.3414,-1.2847,1.373
7.008570,-0.3016,0.2919,-0.8916,0.985
7.031613,-0.4035,0.3703,-0.3461,0.648
7.034274,-0.4281,0.3120,-0.2889,0.603
7.071099,-0.3318,0.6007,0.2945,0.747
7.094785,-0.3600,0.8086,0.3564,0.954
7.095219,-0.3600,0.8086,0.3564,0.954
7.116487,-0.4948,0.8581,0.6544,1.187
7.145026,-0.5057,0.6599,0.6268,1.041
7.165254,-0.8047,0.0659,0.8713,1.188
7.183943,-0.9298,-0.1437,1.3605,1.654
7.205932,-0.3317,-0.0759,2.3394,2.364
7.243556,0.3379,1.4702,0.4807,1.583
7.246319,0.2229,1.1191,0.1959,1.158
7.261092,0.5126,0.2412,-0.0144,0.567
7.275632,0.7957,0.0859,0.7373,1.088
7.329729,0.5690,-0.6033,1.2131,1.469
7.331236,0.5690,-0.6033,1.2131,1.469
7.350016,-0.0580,-0.6896,-0.2623,0.740
7.360066,0.1088,-0.5920,-0.6029,0.852
7.382309,0.1518,-0.3595,-0.6653,0.771
7.403727,0.4053,-0.0724,-1.0924,1.167
7.432536,0.4866,-0.7311,-1.6958,1.910
7.455693,0.2737,-1.0571,0.1217,1.099
7.471826,0.2152,-0.9368,1.1830,1.524
7.493557,0.1257,-0.4148,0.2448,0.498
7.517408,-0.1298,-0.2148,-1.4886,1.510
7.541118,-0.1770,0.0253,-2.3285,2.335
7.543154,-0.2026,0.1155,-2.3504,2.362
7.569251,-0.1650,0.4147,-2.0740,2.122
7.589494,0.0586,0.5254,-1.8639,1.937
7.603689,0.1711,0.5396,-1.7039,1.795
7.625916,0.1673,0.5725,-1.4284,1.548
7.653279,0.1290,0.5862,-0.7343,0.948
7.676857,0.0199,0.6177,-0.0722,0.622
7.692815,-0.0428,0.6247,0.1951,0.656
7.715895,-0.1388,0.7741,0.1532,0.801
7.749661,-0.2990,0.9206,0.3716,1.037
7.751410,-0.2990,0.9206,0.3716,1.037
7.776703,0.2674,0.4530,1.0164,1.144
7.783742,0.4834,0.1725,1.3644,1.458
7.805048,0.5054,0.1417,2.0644,2.130
7.829322,0.2393,1.2833,1.6722,2.121
7.856016,-0.4371,-0.0588,1.9019,1.952
7.869387,-0.4608,0.1152,2.0896,2.143
7.893472,-0.7290,-0.5798,2.6034,2.765
7.913906,-0.2601,-0.4997,2.0482,2.124
7.949546,-0.2184,0.0171,-1.1577,1.178
7.951158,-0.2184,0.0171,-1.1577,1.178
7.975211,-0.6000,-0.2621,-2.0130,2.117
7.986489,-0.6473,0.0853,-1.6469,1.772
8.030355,-0.7979,-0.4310,-0.7646,1.186
8.031345,-0.7584,-0.6789,-0.8341,1.316
8.051007,-0.2388,-1.0522,-1.0041,1.474
8.068473,0.2431,-0.7634,-0.5497,0.972
8.092173,0.3968,-0.2696,0.1904,0.516
8.113385,-0.0427,0.0168,0.2653,0.269
8.150311,-0.4307,0.0730,-1.4834,1.546
8.152974,-0.4732,0.0812,-1.7798,1.843
8.175790,-0.4089,0.1728,-2.5311,2.570
8.202065,-0.3378,0.5008,-2.2301,2.311
8.223953,-0.4567,0.5715,-1.3246,1.513
8.249523,-0.4233,0.6569,-0.2313,0.815
8.273603,-0.3431,0.8668,0.2424,0.963
8.273952,-0.3431,0.8668,0.2424,0.963
8.291029,-0.4348,0.9410,0.1836,1.053
8.311796,-0.4161,0.8275,0.5739,1.090
8.345514,-0.2007,0.6687,1.2970,1.473
8.363841,-0.4373,-0.2901,1.7271,1.805
8.377529,-0.3723,-0.6032,2.3790,2.482
8.400411,0.5104,0.3331,2.6455,2.715
8.421826,0.0930,0.7606,0.8724,1.161
8.458709,0.4868,0.0718,2.0898,2.147
8.460189,0.5783,-0.1616,2.3963,2.470
8.474376,0.9626,-0.5723,2.8099,3.025
8.495125,1.6127,-0.4532,2.7830,3.248
8.543870,0.5143,-0.5870,-0.5303,0.944
8.545715,0.4780,-0.5924,-0.5756,0.954
8.571867,0.5223,-0.4425,-0.9144,1.142
8.576887,0.5299,-0.3752,-1.0265,1.215
8.599774,0.5983,-0.4591,-1.6600,1.823
8.622333,0.4429,-0.9154,-1.1931,1.568
8.648630,0.2396,-0.9776,-0.1670,1.020
8.672260,-0.1173,-0.5300,-0.5738,0.790
8.688689,-0.3506,-0.2250,-1.4067,1.467
8.711291,-0.3171,0.2946,-2.4815,2.519
8.732643,-0.3581,0.6035,-2.8407,2.926
8.767432,-0.3578,0.6535,-2.1949,2.318
8.770189,-0.2737,0.6258,-2.0577,2.168
8.791362,0.0803,0.5161,-1.3453,1.443
8.799971,0.1795,0.4555,-1.0363,1.146
8.822527,0.2172,0.2831,-0.2431,0.432
8.847594,0.0893,0.3091,0.2442,0.404
8.870231,0.1523,0.4455,0.2856,0.551
8.887154,0.1076,0.5653,0.2053,0.611
8.911427,-0.0264,0.7099,-0.2101,0.741
8.932553,-0.1660,0.5809,0.1379,0.620
8.966701,0.3104,0.2588,1.4810,1.535
8.968616,0.3104,0.2588,1.4810,1.535
8.989729,0.1985,0.8754,1.6158,1.848
9.003755,-0.1222,0.3446,1.6152,1.656
9.046792,-0.2681,-0.6272,3.7213,3.783
9.050312,-0.1931,-0.7629,3.8908,3.970
9.066173,0.1559,-0.7045,3.3309,3.408
9.087253,-0.1948,0.1164,0.7311,0.766
9.110771,-0.3981,0.1640,-1.6073,1.664
9.132169,-0.5850,-0.0209,-1.8322,1.923
9.167798,-0.5355,0.2588,-0.6192,0.859
9.170324,-0.5653,0.1442,-0.4900,0.762
9.191853,-0.4256,-0.6545,-0.0087,0.781
9.207498,-0.0412,-0.8012,0.1993,0.827
9.245295,0.3131,-0.6354,-0.4736,0.852
9.272886,0.0529,-0.2743,-1.3139,1.343
9.273374,-0.0228,-0.2482,-1.4844,1.505
9.289662,-0.0839,-0.0626,-1.9074,1.910
9.310146,-0.1688,0.0560,-2.1810,2.188
9.330682,-0.1510,0.2629,-2.1219,2.143
9.361960,-0.2406,0.4272,-1.7318,1.800
9.406083,-0.3226,0.4962,-0.1891,0.621
9.406341,-0.3226,0.4962,-0.1891,0.621
9.419433,-0.3229,0.5058,0.3129,0.677
9.445042,-0.3037,0.7513,0.8996,1.211
9.466794,-0.3551,0.8264,0.7367,1.163
9.484375,-0.3416,0.8192,0.6398,1.094
9.507819,-0.2212,0.7892,0.7201,1.091
9.528128,-0.5310,-0.0743,1.2046,1.319
9.559821,-0.1440,0.6245,1.6353,1.756
9.561451,-0.1440,0.6245,1.6353,1.756
9.580406,-0.1886,1.0554,1.1618,1.581
9.595405,0.2215,0.3701,1.1670,1.244
9.615996,0.6660,0.1313,1.8592,1.979
9.643717,1.4876,-0.6361,2.9079,3.328
9.664248,1.5392,-0.5222,2.4124,2.909
9.683117,0.6611,-0.3098,0.3327,0.802
9.704732,0.2657,-0.4925,-0.8992,1.059
9.729300,0.3005,-0.3799,-0.9063,1.028
9.758767,0.3177,0.0111,-0.8401,0.898
9.761367,0.3177,0.0111,-0.8401,0.898
9.783374,0.3103,-0.6729,-1.6173,1.779
9.798023,0.1353,-1.1449,-1.5978,1.970
9.843433,0.3921,-0.7254,0.2591,0.864
9.844443,0.3921,-0.7254,0.2591,0.864
9.873582,-0.1575,-0.2615,-1.5342,1.564
9.881766,-0.3829,-0.1103,-2.2512,2.286
9.904220,-0.3042,0.1076,-2.9709,2.988
9.926452,-0.2890,0.3141,-2.7859,2.818
9.955795,0.1249,0.3920,-1.4141,1.473
9.976494,0.3194,0.4229,-0.8075,0.966
9.994348,0.3568,0.2825,-0.5390,0.705
10.016866,0.3521,0.2700,-0.3223,0.548
10.039007,0.4303,0.4348,-0.4524,0.761
10.077061,0.0882,0.6975,-0.3132,0.770
10.079183,0.0402,0.7471,-0.3121,0.811
10.099667,-0.2323,0.6712,-0.0722,0.714
10.104446,-0.2571,0.6449,0.0598,0.697
10.126739,-0.1667,0.4788,0.8699,1.007
10.161935,0.6244,0.8825,2.6563,2.868
10.170580,0.5301,1.1988,2.4437,2.773
10.193030,-0.4546,0.1723,1.4073,1.489
10.216259,-0.4781,-0.1202,2.2433,2.297
10.237545,0.0589,-0.3994,4.9054,4.922
10.268780,0.3803,0.3248,2.7676,2.812
10.270597,0.3803,0.3248,2.7676,2.812
10.297034,-0.3953,0.0025,-1.0253,1.099
10.306319,-0.7707,-0.2836,-1.8156,1.993
10.353495,-0.5510,0.3310,-1.1811,1.345
10.354329,-0.5510,0.3310,-1.1811,1.345
10.374930,-0.7428,0.0477,-0.9622,1.216
10.391494,-0.7212,-0.7961,-0.7651,1.319
10.415593,-0.2613,-0.9619,-0.2092,1.018
10.435518,0.3378,-0.4470,0.4371,0.711
10.467731,-0.0933,-0.0404,-0.0573,0.117
10.510276,-0.0825,-0.1183,-2.5714,2.575
10.510634,-0.0825,-0.1183,-2.5714,2.575
10.510820,-0.0825,-0.1183,-2.5714,2.575
10.552438,-0.0931,0.5805,-2.0607,2.143
10.553954,-0.0931,0.5805,-2.0607,2.143
10.576235,-0.0181,0.7861,-1.3958,1.602
10.591228,-0.2322,0.7401,-1.0217,1.283
10.612935,-0.3713,0.4939,-0.4164,0.745
10.635434,-0.4247,0.4677,0.1283,0.645
10.673204,-0.3752,0.7790,1.2334,1.506
10.676120,-0.3548,0.8272,1.2164,1.513
10.693280,-0.2775,0.7400,0.9250,1.217
10.713862,-0.5442,-0.0548,0.7166,0.901
10.751733,-0.1171,0.4659,1.9063,1.966
10.777064,-0.1328,0.6923,1.3166,1.493
10.777362,-0.1328,0.6923,1.3166,1.493
10.796073,0.1935,0.0770,1.2824,1.299
10.815736,0.3359,-0.0999,1.7154,1.751
10.861126,0.8280,-0.1688,0.6741,1.081
10.862496,0.8280,-0.1688,0.6741,1.081
10.882602,0.4099,-0.2705,-0.5372,0.728
10.900449,0.1250,-0.1877,-1.0750,1.098
10.924897,0.2935,0.0753,-0.8810,0.932
10.961766,0.5929,-0.2401,-1.1177,1.288
10.964225,0.5929,-0.2401,-1.1177,1.288
10.986178,0.5824,-0.8321,-0.8433,1.320
11.011236,0.5079,-0.6760,0.1779,0.864
11.034242,0.3334,-0.3344,0.0917,0.481
11.060882,-0.1112,0.0156,-1.9778,1.981
11.061732,-0.1112,0.0156,-1.9778,1.981
11.087451,-0.3653,0.5649,-2.9607,3.036
11.101402,-0.2220,0.6498,-2.9786,3.057
11.123360,-0.0908,0.7634,-2.4687,2.586
11.150150,0.0992,0.7270,-0.8403,1.116
11.178141,0.2845,0.5065,0.0721,0.585
11.187651,0.3977,0.4559,0.2359,0.649
11.210077,0.4141,0.5331,0.0647,0.678
11.231385,0.2065,0.7917,0.1028,0.825
11.263473,0.0948,0.7943,0.5810,0.989
11.264929,0.0801,0.8391,0.6629,1.072
11.283511,0.1328,0.7834,1.2983,1.522
11.304162,0.4083,0.1844,1.7477,1.804
11.356382,-0.4284,-0.2363,1.9650,2.025
11.357757,-0.4284,-0.2363,1.9650,2.025
11.379185,0.0814,-0.0822,3.4745,3.476
11.386110,0.1605,-0.0694,3.6376,3.642
11.410528,0.1949,-0.3952,2.8958,2.929
11.431612,0.0044,-0.2062,1.0444,1.065
11.462928,-0.5273,0.0193,-1.3534,1.453
11.481422,-0.8516,-0.2495,-1.8226,2.027
11.497021,-0.7727,-0.1214,-1.2847,1.504
11.519237,-0.9843,-0.0375,-0.6735,1.193
11.541993,-0.7070,-0.7752,-0.2938,1.090
11.576924,0.3082,-0.9456,0.2459,1.025
11.578663,0.3447,-0.9097,0.2132,0.996
11.592812,0.2696,-0.6303,-0.0108,0.686
11.609108,-0.0093,-0.3439,-0.5930,0.686
11.631279,-0.2585,0.0346,-1.4327,1.456
11.669531,-0.3191,0.3178,-2.6032,2.642
11.671365,-0.3191,0.3178,-2.6032,2.642
11.689890,-0.3670,0.5537,-2.7536,2.833
11.710609,-0.3930,0.5025,-2.3385,2.424
11.746354,-0.4342,0.5676,-1.0524,1.272
11.767249,-0.5023,0.4540,-0.1056,0.685
11.784585,-0.3863,0.4712,0.5584,0.827
11.810324,-0.4632,0.7187,0.6199,1.056
11.828472,-0.5518,0.7527,0.5565,1.087
11.851587,-0.4613,1.0674,0.8335,1.431
11.893042,-0.8503,0.1093,1.6093,1.823
11.894119,-0.8929,-0.0491,1.7606,1.975
11.920641,-0.3665,-0.0664,2.6085,2.635
11.923059,-0.1229,0.1787,2.7134,2.722
11.942633,0.3108,1.2574,2.3617,2.694
11.977389,0.7475,0.5210,0.7767,1.197
11.979504,0.7958,0.5417,0.6956,1.188
12.001425,0.7418,-0.0584,1.4312,1.613
12.016021,1.0875,-0.4663,2.1790,2.480
12.054955,0.5456,-0.5643,0.8954,1.191
12.074335,0.4357,-0.6272,-0.2470,0.803
12.094564,0.5063,-0.4693,-0.6625,0.957
12.118935,0.5313,-0.1930,-1.4632,1.569
12.121055,0.5313,-0.1930,-1.4632,1.569
12.140768,0.5808,-0.5158,-2.3038,2.431
12.170556,0.7485,-1.0390,-1.0073,1.629
12.195016,0.3490,-0.6748,0.4048,0.861
12.204556,0.3570,-0.4260,0.4888,0.740
12.228456,0.0236,-0.1712,-1.4363,1.447
12.249498,-0.1978,-0.0340,-2.9610,2.968
12.276536,-0.1823,0.3884,-3.0012,3.032
12.300615,-0.1212,0.5995,-1.9954,2.087
12.301024,-0.0624,0.6313,-1.7734,1.884
12.320527,0.0576,0.6773,-1.3202,1.485
12.364479,0.2244,0.4050,-0.2760,0.539
12.365499,0.2244,0.4050,-0.2760,0.539
12.385330,0.2263,0.4555,0.3872,0.639
12.403932,0.1431,0.3697,0.8708,0.957
12.426613,-0.1235,0.7175,0.9139,1.168
12.448197,-0.1227,0.8070,0.9950,1.287
12.476955,-0.0114,0.4041,1.0538,1.129
12.499501,0.4034,0.3839,1.2445,1.363
12.514665,0.4555,1.2041,1.0379,1.654
12.536773,-0.6406,0.3883,1.0647,1.302
12.559038,-0.7807,-0.4514,1.7477,1.967
12.587368,-0.3322,-1.0558,3.7466,3.907
12.588769,-0.3322,-1.0558,3.7466,3.907
12.610118,0.0513,-0.2555,3.1079,3.119
12.625540,-0.5466,0.1055,0.2924,0.629
12.654712,-0.8763,-0.1437,-2.2289,2.399
12.674645,-0.8321,-0.1161,-2.1580,2.316
12.691380,-0.6652,0.4098,-0.9786,1.252
12.713952,-1.0097,-0.0966,-0.0215,1.015
12.735947,-0.1816,-0.8059,-0.3243,0.887
12.763653,0.1820,-0.7644,-0.7974,1.120
12.786216,0.3266,-0.4481,-0.3159,0.638
12.802207,0.0648,-0.0172,-0.2216,0.232
12.824520,-0.0027,0.3322,-0.5374,0.632
12.846837,-0.0877,0.4718,-2.3906,2.438
12.875495,-0.2018,0.3709,-3.1354,3.164
12.877174,-0.2018,0.3709,-3.1354,3.164
12.897197,-0.0033,0.6061,-1.8914,1.986
12.912685,0.0795,0.7280,-0.8550,1.126
12.935116,-0.0787,0.6754,-0.5127,0.852
12.962906,-0.2357,0.5290,0.0483,0.581
12.995389,-0.1638,0.7623,1.1597,1.397
12.995859,-0.1638,0.7623,1.1597,1.397
13.010253,-0.1012,0.7522,1.2582,1.469
13.052071,-0.1842,0.6486,0.8517,1.086
13.053596,-0.1842,0.6486,0.8517,1.086
13.074475,-0.7628,-0.1677,1.1025,1.351
13.091404,-0.5536,-0.0558,1.7326,1.820
13.111614,-0.2472,1.2342,1.5978,2.034
13.134314,-0.2373,0.5269,1.1602,1.296
13.163446,0.2093,-0.0009,2.1550,2.165
13.192950,1.3814,-0.3435,2.8818,3.214
13.193257,1.3814,-0.3435,2.8818,3.214
13.213182,1.0650,-0.1783,1.3731,1.747
13.252127,0.2275,-0.6432,-1.6077,1.746
13.280036,0.3913,-0.2814,-1.4474,1.526
13.280384,0.3913,-0.2814,-1.4474,1.526
13.295277,0.4999,-0.0432,-1.4162,1.502
13.315643,0.5086,-0.1090,-2.0973,2.161
13.360737,0.5377,-0.9646,-0.3135,1.148
13.361695,0.5377,-0.9646,-0.3135,1.148
13.386136,0.4947,-0.3712,0.8822,1.077
13.399510,0.2877,-0.1291,0.1000,0.331
13.423448,-0.0579,-0.0766,-1.8061,1.809
13.445599,-0.4426,0.0685,-2.8156,2.851
13.474671,-0.2773,0.2876,-2.2112,2.247
13.499987,0.0774,0.4152,-1.4439,1.504
13.500334,0.0774,0.4152,-1.4439,1.504
13.518416,0.1172,0.2688,-0.9102,0.956
13.560548,0.0218,0.2910,0.2914,0.412
13.561455,0.0218,0.2910,0.2914,0.412
13.588650,0.1572,0.6747,0.3366,0.770
13.599860,0.0487,0.8093,0.2999,0.864
13.623225,-0.0625,0.8318,0.6077,1.032
13.644153,-0.0668,0.7053,1.1615,1.361
13.672151,0.2570,0.3241,1.6926,1.742
13.714412,-0.2688,0.0553,1.8802,1.900
13.714813,-0.2688,0.0553,1.8802,1.900
13.732431,-0.0152,-0.1985,2.3188,2.327
13.755043,-0.0245,-0.1871,2.8429,2.849
13.782878,-0.1080,-0.5036,2.5201,2.572
13.784077,-0.1553,-0.5396,2.1361,2.209
13.806244,-0.3456,-0.1725,0.0742,0.393
13.824082,-0.5417,0.0997,-1.5455,1.641
13.874347,-0.5286,0.5186,-0.5480,0.921
13.876383,-0.5286,0.5186,-0.5480,0.921
13.898320,-0.7154,0.3367,-0.9437,1.231
13.907757,-0.8698,-0.1308,-1.0854,1.397
13.931604,-0.4322,-0.7933,-1.1853,1.490
13.954006,-0.0547,-0.6788,-0.1120,0.690
13.983186,0.0123,-0.0622,0.9923,0.994
14.004550,-0.2322,0.3101,0.1069,0.402
14.019459,-0.2212,0.2441,-0.9689,1.023
14.043687,-0.1626,0.2159,-2.4929,2.508
14.065823,-0.3028,0.2583,-2.9117,2.939
14.099333,-0.2379,0.5990,-1.2179,1.378
14.101151,-0.2379,0.5990,-1.2179,1.378
14.124069,-0.3033,0.6613,-0.3091,0.790
14.130011,-0.3641,0.6292,-0.1839,0.750
14.152776,-0.2301,0.6062,0.2260,0.687
14.178609,-0.0380,0.9550,0.7765,1.231
14.201271,-0.2770,0.9456,0.9691,1.382
14.220011,-0.1544,1.0544,1.0101,1.468
14.241362,-0.4598,0.7245,0.6171,1.057
14.263787,-0.8781,-0.1620,0.9675,1.317
14.296113,-0.2366,-0.0830,2.3858,2.399
14.298316,0.0376,0.1462,2.4260,2.431
14.320585,0.2248,1.3704,1.1997,1.835
14.352054,0.7981,0.2522,0.9666,1.279
14.373649,0.6245,-0.2128,1.9949,2.101
14.374679,0.6245,-0.2128,1.9949,2.101
14.394256,0.9934,-0.7883,2.4613,2.769
14.417917,0.8762,-0.7673,1.0382,1.560
14.440593,0.2513,-0.6596,-0.7495,1.030
14.474593,0.3904,-0.3612,-1.2823,1.388
14.495146,0.3923,-0.0968,-1.2209,1.286
14.495720,0.3731,-0.0915,-1.3372,1.391
14.515760,0.3201,-0.5035,-1.7561,1.855
14.553681,-0.0294,-1.0766,0.2873,1.115
14.577876,-0.1624,-0.2885,0.5104,0.608
14.578186,-0.1624,-0.2885,0.5104,0.608
14.597513,-0.1408,-0.0041,-0.6280,0.644
14.617655,-0.4591,0.2239,-1.9371,2.003
14.638647,-0.5933,0.5512,-2.7096,2.828
14.665771,-0.0387,0.6118,-1.9626,2.056
14.688795,0.0650,0.7213,-1.1630,1.370
14.705089,0.1031,0.6467,-1.1661,1.337
14.728027,0.2432,0.4315,-1.1455,1.248
14.749812,0.2609,0.3190,-0.6505,0.770
14.778354,0.1584,0.3450,0.2625,0.462
14.804577,0.0377,0.5084,0.5220,0.730
14.804896,0.0377,0.5084,0.5220,0.730
14.820817,-0.0067,0.5679,0.3906,0.689
14.863662,0.5856,0.2150,0.7341,0.963
14.864488,0.5856,0.2150,0.7341,0.963
14.884870,0.6059,0.4434,1.4325,1.617
14.907111,-0.0363,1.0656,1.7433,2.044
14.927114,-0.9687,-0.1768,2.0174,2.245
14.948913,-0.5983,-0.1841,2.6602,2.733
14.975036,-0.2209,-0.7385,3.2875,3.377
15.005188,-0.5418,0.0289,0.0785,0.548
15.005457,-0.5418,0.0289,0.0785,0.548
15.024141,-0.6235,0.1378,-1.6770,1.794
15.063731,-0.6068,0.2880,-1.5949,1.731
15.094702,-0.3468,-0.2255,-0.4935,0.644
15.095095,-0.3468,-0.2255,-0.4935,0.644
15.109143,-0.4516,-0.7722,-0.2910,0.941
15.129242,0.1634,-1.1488,0.5566,1.287
15.173862,0.0462,-0.2391,0.5822,0.631
15.175475,-0.0916,-0.1713,0.4374,0.479
15.202825,-0.3762,0.2583,-0.7608,0.887
15.212792,-0.3550,0.3741,-1.4229,1.513
15.235864,-0.3114,0.3741,-2.8477,2.889
15.257497,-0.2083,0.5826,-2.8907,2.956
15.285060,-0.2153,0.7575,-1.4539,1.653
15.314058,-0.1776,0.5476,-0.7786,0.968
15.315178,-0.2241,0.5132,-0.7277,0.918
15.332232,-0.3296,0.4370,-0.4537,0.711
15.372587,-0.1336,0.9321,0.4006,1.023
15.373553,-0.1336,0.9321,0.4006,1.023
15.402595,-0.2392,0.9451,1.0122,1.405
15.412729,-0.1609,1.0106,1.0318,1.453
15.434673,-0.3259,0.4716,0.6978,0.903
15.456933,-0.7462,-0.2812,1.5099,1.708
15.481202,-0.0087,0.6132,2.5178,2.591
15.507605,0.1922,0.2975,1.7186,1.755
15.523424,0.5920,0.0061,1.7596,1.857
15.545481,0.7613,-0.1575,2.5748,2.690
15.566829,1.4324,-0.3032,2.5692,2.957
15.597161,0.8290,-0.1593,0.4274,0.946
15.598383,0.6452,-0.2066,-0.0991,0.685
15.625234,0.2680,-0.4695,-1.7727,1.853
15.636097,0.2935,-0.4603,-1.8146,1.895
15.685639,0.7516,0.0171,-1.1065,1.338
15.686982,0.7516,0.0171,-1.1065,1.338
15.724512,0.2783,-1.1639,-1.1226,1.641
15.724986,0.2783,-1.1639,-1.1226,1.641
15.744712,0.2514,-1.0120,0.7848,1.305
15.766208,0.2989,-0.5577,1.2954,1.442
15.794247,-0.0763,-0.1303,-0.9777,0.989
15.813697,-0.4240,-0.0427,-2.2816,2.321
15.834107,-0.5858,0.1582,-2.5592,2.630
15.856439,-0.3975,0.6120,-2.0931,2.217
15.886415,0.0835,0.7398,-1.5359,1.707
15.888158,0.0908,0.6921,-1.4469,1.606
15.913811,0.0379,0.5900,-0.8634,1.046
15.921380,0.0665,0.5929,-0.7194,0.935
15.943981,0.1472,0.6850,-0.0727,0.704
15.971418,0.2206,0.6062,0.2715,0.700
15.993850,0.0931,0.6404,0.4491,0.788
16.009959,0.0255,0.6749,0.7028,0.975
16.033667,0.0136,0.2547,1.2372,1.263
16.057264,0.4710,0.2694,1.6280,1.716
16.092535,-0.2940,0.2700,1.4922,1.545
16.093760,-0.3509,0.0763,1.5676,1.608
16.115930,-0.1591,0.0733,2.1338,2.141
16.123459,-0.3150,-0.1978,2.6669,2.693
16.167927,0.0254,-0.3890,2.0614,2.098
16.168851,0.0254,-0.3890,2.0614,2.098
16.187886,-0.6073,-0.1374,-0.5837,0.853
16.210449,-0.7427,-0.2713,-2.1978,2.336
16.232832,-0.8837,-0.1435,-2.1410,2.321
16.275050,-0.8671,-0.5408,-0.5797,1.175
16.276031,-0.8671,-0.5408,-0.5797,1.175
16.306842,0.2803,-1.0462,-0.0121,1.083
16.328122,0.3471,-0.5278,0.4920,0.801
16.328429,0.3471,-0.5278,0.4920,0.801
16.366057,-0.1722,0.0922,-0.6425,0.671
16.384935,-0.2055,0.2428,-1.8876,1.914
16.407904,-0.3160,0.0683,-3.0169,3.034
16.430828,-0.2086,0.2736,-2.5254,2.549
16.432588,-0.2183,0.3107,-2.2588,2.290
16.454263,-0.1728,0.4930,-1.2933,1.395
16.488693,-0.3264,0.4379,-0.7462,0.925
16.511389,-0.6012,0.2954,-0.3149,0.740
16.511721,-0.6188,0.2771,-0.1403,0.692
16.531467,-0.5261,0.3886,0.3911,0.762
16.567471,-0.3792,0.6550,0.8343,1.126
16.587571,-0.1374,0.7203,0.7660,1.060
16.606962,-0.2737,0.4820,0.6644,0.865
16.629599,-0.8071,-0.0502,0.9318,1.234
16.651789,-0.4429,0.5440,1.4657,1.625
16.673158,-0.1697,1.0993,1.1336,1.588
16.674205,-0.1697,1.0993,1.1336,1.588
16.701619,0.6744,0.3637,1.5690,1.746
16.722975,0.8056,-0.1444,2.5856,2.712
16.739774,1.1431,-0.4675,2.7914,3.052
16.762343,1.0282,-0.3888,1.3241,1.721
16.794462,0.3349,-0.4935,-0.7434,0.953
16.795831,0.3033,-0.5365,-0.9772,1.155
16.815391,0.3435,-0.4766,-1.2101,1.345
16.835547,0.5579,-0.1873,-1.0933,1.242
16.877653,0.3763,-0.7663,-1.4204,1.657
16.878502,0.3763,-0.7663,-1.4204,1.657
16.902118,0.2156,-1.1483,-0.0445,1.169
16.917185,0.2441,-0.8751,0.9132,1.288
16.940533,0.2136,-0.3934,0.8613,0.971
16.960914,-0.2962,-0.1306,-0.8586,0.918
16.989193,-0.5206,0.1991,-1.9853,2.062
17.009593,-0.4883,0.4854,-2.2951,2.396
17.027265,-0.2991,0.7487,-2.2296,2.371
17.050131,-0.3450,0.9000,-2.0638,2.278
17.072439,-0.2355,0.5425,-1.5341,1.644
17.102707,0.1263,0.4720,-0.1980,0.527
17.104101,0.1263,0.4720,-0.1980,0.527
17.130452,0.3304,0.6927,0.9945,1.256
17.141116,0.2221,0.6644,0.9091,1.148
17.187102,-0.1301,0.6416,-0.2087,0.687
17.187820,-0.1301,0.6416,-0.2087,0.687
17.210250,0.2031,0.4926,0.5269,0.749
17.227509,0.6409,0.3482,1.0757,1.300
17.249738,1.0863,0.5567,1.8090,2.182
17.288617,-0.3714,-0.4790,2.7630,2.829
17.290387,-0.2334,-0.6147,3.0829,3.152
17.309716,0.1229,-0.4551,3.7686,3.798
17.328979,0.1443,-0.4056,3.4526,3.479
17.363022,-0.3542,-0.1855,0.1925,0.444
17.384884,-0.6424,0.1531,-1.8787,1.991
17.403513,-0.8697,-0.0449,-2.4986,2.646
17.427084,-0.7302,0.1634,-1.4016,1.589
17.448372,-0.6767,0.1134,-0.4266,0.808
17.471368,-0.4697,-1.0964,-0.2120,1.211
17.472638,-0.4697,-1.0964,-0.2120,1.211
17.505091,0.0193,-1.0874,0.2665,1.120
17.553675,0.0306,-0.3137,-1.6350,1.665
17.553984,0.0146,-0.2328,-1.7752,1.790
17.554249,0.0146,-0.2328,-1.7752,1.790
17.585759,0.0034,0.4493,-1.7773,1.833
17.602954,-0.1683,0.5316,-1.8905,1.971
17.624688,-0.1695,0.6353,-2.3810,2.470
17.647223,-0.2513,0.8815,-2.3008,2.477
17.669969,-0.2988,0.7969,-1.1704,1.447
17.701428,-0.4538,0.5281,0.3554,0.782
17.703124,-0.4538,0.5281,0.3554,0.782
17.724663,-0.1075,0.4962,1.0952,1.207
17.735447,0.0255,0.6156,0.9684,1.148
17.759422,-0.1189,0.7012,0.4835,0.860
17.784068,-0.1120,0.8109,0.3557,0.893
17.807406,-0.4114,0.4018,0.4655,0.740
17.824230,-0.7528,-0.2784,0.9740,1.262
17.846583,-0.4951,-0.2471,1.9317,2.009
17.868499,-0.0664,1.1366,1.3890,1.796
17.895257,0.3659,0.3292,1.2823,1.374
17.918986,0.4528,0.2440,1.9049,1.973
17.919851,0.4008,-0.0125,2.1510,2.188
17.938694,1.0367,-0.9381,2.8288,3.155
17.982661,0.4464,-0.4384,0.7231,0.956
17.983761,0.3502,-0.4382,0.2661,0.621
18.008216,0.1007,-0.4302,-1.2978,1.371
18.023929,0.1102,-0.1352,-1.4727,1.483
18.045103,0.3594,0.4211,-1.1824,1.306
18.067462,0.3542,0.3362,-1.4051,1.488
18.093710,0.3994,-0.9939,-1.7598,2.060
18.115667,0.4338,-1.3431,-0.2420,1.432
18.133706,0.3767,-0.8753,1.0759,1.437
18.156565,0.1912,-0.2811,0.7485,0.822
18.179171,-0.2409,-0.0525,-1.4282,1.449
18.204928,-0.3258,0.2336,-3.1102,3.136
18.209142,-0.3534,0.2903,-3.2547,3.287
18.234316,-0.4492,0.5549,-3.4321,3.506
18.245937,-0.2011,0.6909,-2.8804,2.969
18.266938,0.2618,0.8526,-1.5777,1.812
18.294315,0.4301,0.5316,-0.2783,0.738
18.317689,0.3352,0.4291,-0.0424,0.546
18.332869,0.0377,0.6427,0.1549,0.662
18.355244,-0.1300,0.7199,0.4773,0.873
18.382640,-0.2737,0.9560,0.5288,1.126
18.407073,-0.1409,0.7593,1.0954,1.340
18.421577,0.2383,0.4273,1.7164,1.785
18.443641,0.5057,0.4918,2.3961,2.498
18.465827,0.0876,1.0096,2.2966,2.510
18.492956,-0.0636,-0.1565,2.4386,2.444
18.493723,-0.0636,-0.1565,2.4386,2.444
18.515406,0.2282,-0.2317,3.2710,3.287
18.531637,0.2457,-0.5202,3.5595,3.606
18.554603,-0.2596,-0.4585,1.5396,1.627
18.581279,-0.2197,0.0461,-1.2558,1.276
18.604874,-0.4789,-0.2198,-2.9934,3.039
18.619493,-0.6600,-0.0136,-2.5134,2.599
18.643322,-0.3495,0.8185,-1.1032,1.417
18.663974,-0.8702,-0.0298,-0.8792,1.237
18.692451,-0.2184,-1.5945,-1.0001,1.895
18.693546,-0.2184,-1.5945,-1.0001,1.895
18.721152,0.3266,-1.1974,0.5672,1.365
18.733017,0.4143,-0.4778,1.0505,1.226
18.753946,-0.0622,0.0170,0.0407,0.076
18.782112,-0.8400,-0.0341,-2.7435,2.869
18.806215,-0.8039,0.0571,-3.4138,3.508
18.818613,-0.6574,0.3050,-3.0523,3.137
18.842377,-0.2246,0.5729,-1.7665,1.871
18.863210,-0.3508,0.6003,-0.8492,1.098
18.890049,-0.5187,0.4514,0.2740,0.740
18.917048,-0.3504,0.6477,0.9447,1.198
18.917726,-0.3504,0.6477,0.9447,1.198
18.935935,-0.2806,0.9911,1.0728,1.487
18.979218,-0.5266,1.2108,0.4474,1.394
18.980050,-0.5266,1.2108,0.4474,1.394
19.007156,-0.8678,0.1660,1.2346,1.518
19.018387,-0.9582,-0.0939,2.0190,2.237
19.041387,0.0484,0.2398,3.1345,3.144
19.064673,0.7257,1.3266,2.1204,2.604
19.094113,1.0473,0.1040,1.2600,1.642
19.117153,0.6978,-0.8259,2.4252,2.655
19.129419,1.1366,-0.7460,2.8851,3.189
19.153003,0.9711,-0.2379,1.0493,1.449
19.173862,0.2813,-0.4543,-1.0424,1.171
19.204573,0.2573,-0.4268,-1.7688,1.838
19.206067,0.2743,-0.3434,-1.6325,1.691
19.230457,0.3934,0.1874,-1.3448,1.414
19.240669,0.4436,0.0845,-1.6366,1.698
19.262624,0.3526,-0.8298,-1.3139,1.594
19.289054,0.4696,-1.0455,0.1670,1.158
19.316399,0.3769,-0.8113,0.3685,0.968
19.328473,0.2535,-0.5247,-0.1771,0.609
19.354678,-0.2661,-0.0537,-1.8989,1.918
19.373056,-0.2349,0.0370,-2.3442,2.356
19.401602,0.0666,0.4356,-2.0027,2.051
19.446195,0.4082,0.5434,-1.7772,1.903
19.446722,0.4082,0.5434,-1.7772,1.903
19.447050,0.4082,0.5434,-1.7772,1.903
19.488181,0.1334,0.2252,-0.2675,0.374
19.489203,0.1334,0.2252,-0.2675,0.374
19.510779,0.2272,0.3020,0.6466,0.749
19.527766,0.3275,0.4310,0.5867,0.798
19.549904,0.0204,0.6261,0.1185,0.638
19.575002,-0.2470,0.3300,0.7040,0.816
19.608019,0.2764,0.0224,2.0289,2.048
19.610391,0.4313,0.2210,2.0807,2.136
19.630695,0.0557,0.9648,1.1530,1.504
19.648710,-0.6578,0.1954,0.9442,1.167
19.686655,0.0846,-0.4168,3.5137,3.539
19.710600,-0.0459,-0.5077,2.9742,3.018
19.710862,-0.0459,-0.5077,2.9742,3.018
19.730578,-0.4812,-0.0285,0.4670,0.671
19.750871,-0.9233,0.2036,-1.9486,2.166
19.773162,-1.1355,0.0290,-2.5043,2.750
19.798162,-0.8559,0.4781,-0.6831,1.195
19.823220,-0.5808,0.0826,0.1329,0.602
19.836949,-0.3943,-0.8819,-0.1450,0.977
19.860437,0.0221,-1.2515,0.3490,1.299
19.882182,0.3063,-0.8849,0.5051,1.064
19.908739,-0.0758,-0.1400,-0.9746,0.988
19.932098,-0.1584,0.1267,-2.2464,2.256
19.947926,-0.2548,0.3042,-2.6540,2.684
19.970871,-0.3786,0.5584,-2.5639,2.651
19.996426,-0.0257,0.6937,-1.7370,1.871
19.997346,-0.0257,0.6937,-1.7370,1.871
20.022321,-0.2402,0.9601,-0.8618,1.312
20.036893,-0.4096,0.7696,-0.1481,0.884
20.059389,-0.3641,0.6122,0.9261,1.168
20.085760,-0.1044,0.6820,1.0404,1.248
20.110784,-0.1232,0.8401,0.4379,0.955
20.125340,-0.2211,0.8275,0.4461,0.966
20.147929,-0.1178,0.9552,0.7556,1.224
20.171536,-0.4085,0.5742,0.5865,0.917
20.195987,-0.6916,-0.1102,1.0762,1.284
20.221327,-0.1229,0.1827,2.2078,2.219
20.222407,0.0945,0.5120,2.1886,2.250
20.240684,0.3087,1.2475,1.3683,1.877
20.285058,0.2437,0.1423,0.8899,0.934
20.285924,0.2437,0.1423,0.8899,0.934
20.309686,0.3711,-0.9422,2.9346,3.104
20.324010,0.9635,-0.7579,2.9288,3.175
20.349242,0.1571,-0.5608,0.5680,0.814
20.368690,-0.0748,-0.6458,-0.7196,0.970
20.394767,-0.1148,-0.4028,-0.8059,0.908
20.418594,-0.1101,-0.0514,-1.1938,1.200
20.434606,-0.1340,-0.0795,-1.7887,1.795
20.458378,0.1114,-1.0115,-2.8253,3.003
20.479161,0.5771,-1.4095,-1.9350,2.463
20.505473,0.6803,-0.6859,0.5387,1.106
20.506197,0.6803,-0.6859,0.5387,1.106
20.538086,0.0419,0.0508,-0.6508,0.654
20.546815,-0.1191,0.0423,-1.3578,1.364
20.567609,-0.2877,0.0443,-3.0355,3.049
20.594728,0.0511,0.5130,-2.5543,2.606
20.624853,0.0767,0.8526,-1.0696,1.370
20.625097,0.0767,0.8526,-1.0696,1.370
20.644881,-0.0118,0.6603,-0.4203,0.783
20.683097,0.2247,0.3210,0.1144,0.408
20.710954,0.3309,0.6124,0.6671,0.964
20.711307,0.2863,0.5700,0.7369,0.975
20.728344,0.2891,0.6296,0.7258,1.003
20.746408,0.1367,0.8005,0.5113,0.960
20.766938,0.0921,0.7255,0.6961,1.010
20.791831,0.2282,0.3249,1.0355,1.109
20.821249,0.0634,0.8192,1.2792,1.520
20.832227,-0.2074,0.2954,1.3521,1.399
20.855338,-0.2069,-0.5395,2.4997,2.566
20.877037,-0.1153,-0.5219,4.0862,4.121
20.903796,-0.1841,-0.3747,2.4814,2.516
20.930586,-0.5289,-0.0310,-0.4631,0.704
20.931353,-0.5131,0.0505,-0.8934,1.032
20.949610,-0.7348,0.0327,-1.6375,1.795
20.992573,-0.7295,0.1189,-0.1343,0.751
20.993504,-0.7295,0.1189,-0.1343,0.751
21.021300,-0.8624,-0.8978,-0.2480,1.269
21.031673,-0.6819,-1.0539,-0.4223,1.324
21.053586,-0.2243,-0.8274,-0.3465,0.925
21.076580,0.1470,-0.5595,-0.8538,1.031
21.102730,0.1992,-0.1305,-0.9892,1.017
21.136187,-0.0048,0.4497,-1.6803,1.739
21.137033,-0.0048,0.4497,-1.6803,1.739
21.152787,-0.2237,0.3484,-2.1439,2.184
21.191429,-0.1890,0.4407,-1.9707,2.028
21.218033,-0.3833,0.5049,-0.5405,0.833
21.218487,-0.3833,0.5049,-0.5405,0.833
21.233924,-0.4480,0.5093,0.2097,0.710
21.254456,-0.4703,0.3850,0.6557,0.894
21.275676,-0.2739,0.5145,0.4763,0.753
21.301762,-0.2737,0.8224,0.2609,0.905
21.335946,-0.1383,0.7607,0.1667,0.791
21.336886,-0.1383,0.7607,0.1667,0.791
21.356660,-0.6237,0.1251,0.3347,0.719
21.390718,-0.4328,0.0164,1.8480,1.898
21.417013,-0.1900,1.1855,1.3606,1.815
21.417307,-0.1900,1.1855,1.3606,1.815
21.437030,0.2925,0.1551,1.0284,1.080
21.457961,0.4883,0.0074,1.5172,1.594
21.500590,1.2973,-0.5536,2.3662,2.755
21.501365,1.2973,-0.5536,2.3662,2.755
21.527926,0.5410,-0.3348,0.1377,0.651
21.540156,0.2787,-0.3873,-0.7722,0.908
21.563451,0.2916,-0.3810,-0.9423,1.057
21.589644,0.3793,0.0195,-0.6955,0.792
21.619966,0.1171,-0.7923,-2.1405,2.285
21.620239,0.1171,-0.7923,-2.1405,2.285
21.642322,0.5897,-1.2499,-1.6603,2.160
21.678274,0.4154,-0.5023,0.7269,0.976
21.703159,-0.1156,-0.2003,-0.8617,0.892
21.703732,-0.1186,-0.0994,-1.3870,1.396
21.722207,-0.3033,0.1681,-2.4857,2.510
21.742719,-0.3616,0.3342,-2.9520,2.993
21.789430,0.2277,0.7712,-1.1688,1.419
21.790457,0.2476,0.7370,-1.0163,1.280
21.816765,0.2980,0.5522,-0.4985,0.801
21.827867,0.3055,0.6095,-0.4257,0.804
21.851734,0.3567,0.6038,-0.3884,0.802
21.872706,0.1047,0.5772,-0.1864,0.616
21.899528,-0.0920,0.7399,0.3337,0.817
21.927134,-0.1970,0.9644,0.7341,1.228
21.927938,-0.1970,0.9644,0.7341,1.228
21.946183,-0.1522,0.5644,1.0236,1.179
21.988079,0.4771,0.5569,1.6677,1.822
21.989316,0.4499,0.8079,1.5949,1.844
22.020087,-0.7434,-0.2536,1.9759,2.126
22.028058,-0.7318,-0.4023,2.1824,2.337
22.050678,-0.3662,-0.2288,2.9271,2.959
22.072392,-0.4752,-0.7463,2.4491,2.604
22.098104,-0.3630,-0.2519,0.8477,0.956
22.124537,-0.8228,-0.0057,-0.6782,1.066
22.138478,-0.8562,-0.1262,-0.8004,1.179
22.161206,-0.6694,0.0004,-0.5662,0.877
22.181656,-0.6944,-0.2974,-0.2589,0.799
22.210479,0.0006,-0.9845,0.5279,1.117
22.211201,0.0006,-0.9845,0.5279,1.117
22.245003,0.3392,-0.4365,0.0383,0.554
22.251536,0.3201,-0.4391,-0.3573,0.650
22.297790,0.0200,0.0301,-1.9742,1.975
22.298707,-0.0923,0.0414,-2.1658,2.168
22.325748,-0.2932,0.1402,-3.0697,3.087
22.337213,-0.4269,0.1161,-3.0269,3.059
22.361029,-0.4360,0.3773,-2.3072,2.378
22.381901,-0.4074,0.5777,-1.5170,1.674
22.408840,-0.4787,0.4209,-0.3457,0.725
22.442369,-0.3359,0.3659,0.6860,0.847
22.443272,-0.2687,0.4657,0.7440,0.918
22.455685,-0.1667,0.6381,0.8016,1.038
22.496930,-0.2275,0.8349,0.6251,1.068
22.497864,-0.1919,0.7911,0.5557,0.986
22.522320,-0.3659,-0.0875,0.7608,0.849
22.536370,-0.6164,-0.5351,1.2535,1.496
22.559923,-0.2102,0.5451,1.9508,2.036
22.580540,-0.2827,0.2200,1.7742,1.810
22.609315,0.2173,-0.3399,2.3275,2.362
22.643876,0.9801,-0.6598,2.5548,2.815
22.644992,0.9801,-0.6598,2.5548,2.815
22.669942,0.8888,-0.4305,1.0529,1.444
22.690609,0.6305,-0.1864,-0.6632,0.934
22.718341,0.2066,-0.4166,-1.8399,1.898
22.745361,0.4103,-0.0155,-1.3554,1.416
22.745664,0.4103,-0.0155,-1.3554,1.416
22.761270,0.5764,0.0765,-1.1269,1.268
22.805436,0.7614,-0.9400,-0.8311,1.468
22.806278,0.7614,-0.9400,-0.8311,1.468
22.830896,0.6189,-0.7126,0.7986,1.236
22.846827,0.4857,-0.3267,0.9804,1.142
22.870464,-0.0187,0.0053,-1.0410,1.041
22.891736,-0.0985,0.2972,-2.3036,2.325
22.917146,-0.3057,0.4956,-2.6588,2.722
22.947551,-0.0198,0.7550,-1.6272,1.794
22.947847,-0.0198,0.7550,-1.6272,1.794
22.982655,0.2186,0.4725,-0.1134,0.533
23.004574,0.1638,0.2807,0.1215,0.347
23.004856,0.1638,0.2807,0.1215,0.347
23.025393,0.1364,0.4094,0.0805,0.439
23.046425,-0.0498,0.5785,-0.0729,0.585
23.067888,-0.1035,0.6881,0.0182,0.696
23.105511,-0.0942,0.8135,0.3607,0.895
23.126878,-0.0515,0.4039,0.5600,0.692
23.132794,0.0224,0.3797,0.6501,0.753
23.155282,0.1589,0.5913,1.1454,1.299
23.178670,0.1319,0.0520,1.6826,1.689
23.206021,0.0265,-0.4360,3.6211,3.647
23.227860,0.3066,-0.3975,3.6635,3.698
23.244047,0.3042,-0.3480,2.2311,2.278
23.267841,-0.4973,-0.1711,-0.3809,0.649
23.288664,-0.3558,-0.1022,-1.4625,1.509
23.314815,-0.4082,0.2975,-1.5623,1.642
23.315808,-0.3949,0.3391,-1.4511,1.542
23.338790,-0.5179,0.4267,-1.0560,1.251
23.353931,-0.6533,0.3939,-1.0079,1.264
23.377287,-1.2132,-0.4958,-0.4009,1.371
23.403186,-0.5086,-1.2023,0.6355,1.452
23.428244,-0.1208,-0.7510,0.9668,1.230
23.443333,0.0409,-0.5025,0.4752,0.693
23.466095,-0.2336,-0.1860,-0.9105,0.958
23.487225,-0.3903,0.1846,-1.9436,1.991
23.514742,-0.3948,0.2939,-2.6000,2.646
23.515618,-0.4178,0.2933,-2.6161,2.665
23.536519,-0.3479,0.4472,-2.3082,2.377
23.554610,-0.3901,0.5361,-1.9002,2.013
23.576266,-0.4825,0.6212,-0.9035,1.198
23.601815,-0.6064,0.6021,-0.1124,0.862
23.626705,-0.5924,0.5624,0.2218,0.846
23.641971,-0.5443,0.7602,0.2329,0.964
23.664034,-0.6482,1.0177,0.6212,1.357
23.686414,-0.3660,0.8011,0.7345,1.147
23.713839,-0.5770,0.2259,0.8819,1.078
23.740958,-0.7865,0.3246,1.2200,1.487
23.741454,-0.7865,0.3246,1.2200,1.487
23.757887,-0.7482,0.9289,1.0060,1.560
23.801816,-0.1369,-0.2218,2.1581,2.174
23.802560,-0.1369,-0.2218,2.1581,2.174
23.826952,0.5346,-0.6109,2.9333,3.044
23.842014,0.6929,-0.3379,2.4867,2.603
23.864005,0.2641,-0.2553,0.8423,0.919
23.886616,-0.6220,-0.4719,-0.8691,1.168
23.913618,-0.5192,-0.4996,-1.1904,1.392
23.946291,-0.4337,-0.0547,-0.8941,0.995
23.946574,-0.4337,-0.0547,-0.8941,0.995
23.962044,-0.5132,-0.1872,-0.9617,1.106
24.000180,-0.0125,-1.0818,-0.4606,1.176
24.034045,0.2271,-0.8451,1.5558,1.785
24.034807,0.3564,-0.7918,1.7509,1.954
24.043201,0.3971,-0.7272,1.8265,2.006
24.063342,0.0609,-0.4447,0.9272,1.030
24.085471,-0.5841,-0.2158,-1.5555,1.676
24.110799,-1.0456,0.1450,-2.4940,2.708
24.141623,-0.8589,0.3895,-2.1674,2.364
24.151920,-0.6243,0.4565,-1.8987,2.050
24.174099,-0.3167,0.5145,-1.7702,1.870
24.195681,-0.1683,0.2724,-1.2916,1.331
24.223529,-0.2186,0.1885,-0.4058,0.498
24.255966,-0.0352,0.5356,0.1112,0.548
24.256885,-0.0352,0.5356,0.1112,0.548
24.266582,0.0116,0.6282,0.1003,0.636
24.310758,0.2432,0.5672,0.1719,0.641
24.311437,0.2432,0.5672,0.1719,0.641
24.335397,0.4633,0.1839,0.8494,0.985
24.350906,0.8383,-0.0406,1.3800,1.615
24.373123,0.9663,0.2358,1.7111,1.979
24.394755,0.7152,0.8700,0.7628,1.360
24.422242,-0.0848,-0.5601,2.2299,2.301
24.456122,-0.0076,-1.1857,4.4370,4.593
24.457121,-0.0076,-1.1857,4.4370,4.593
24.469479,0.3631,-1.1636,3.8872,4.074
24.509666,-0.6231,-0.0367,-1.8213,1.925
24.510323,-0.6231,-0.0367,-1.8213,1.925
24.535253,-1.4478,-0.4450,-2.3574,2.802
24.551406,-1.3774,-0.2005,-1.2657,1.881
24.599103,-0.5787,-0.8651,-0.7622,1.290
24.599841,-0.5787,-0.8651,-0.7622,1.290
24.626654,-0.2576,-1.2419,-0.3306,1.311
24.638429,0.3704,-1.1029,0.2891,1.199
24.660888,0.4463,-0.6172,0.7286,1.054
24.682443,-0.0292,-0.3014,-0.0345,0.305
24.709274,-0.2430,0.0050,-2.2294,2.243
24.738598,-0.2949,0.2691,-2.8208,2.849
24.739141,-0.2949,0.2691,-2.8208,2.849
24.754477,-0.2366,0.4591,-2.3179,2.375
24.798035,0.0631,0.9474,-0.8850,1.298
24.798749,0.0631,0.9474,-0.8850,1.298
24.827031,0.0320,0.7286,-0.4340,0.849
24.836699,0.0310,0.7280,-0.2898,0.784
24.859894,0.1656,0.7432,0.4114,0.865
24.881198,0.2467,0.8729,1.1738,1.483
24.908863,0.2632,1.0424,0.8351,1.361
24.935309,-0.5833,0.5634,0.0529,0.813
24.947661,-1.0761,0.0053,0.5610,1.214
24.969907,-0.6088,-0.2985,2.6352,2.721
24.992915,0.4362,0.3547,3.2965,3.344
25.019070,0.2753,1.7255,0.2440,1.764
25.019863,0.2753,1.7255,0.2440,1.764
25.054601,1.5187,-0.0196,1.4602,2.107
25.061604,1.4025,-0.2363,1.7937,2.289
25.083321,1.1415,-1.0158,3.6895,3.993
25.107026,1.4892,-0.7108,1.2338,2.060
25.138676,0.2761,-0.6928,-2.7522,2.851
25.146613,0.2049,-0.6717,-2.8859,2.970
25.168811,-0.1034,-0.3433,-2.1226,2.153
25.191650,-0.1471,-0.0717,-1.3885,1.398
25.218345,0.0402,-0.7535,-0.6222,0.978
25.245231,0.3217,-0.8178,-0.5660,1.045
25.245804,0.3813,-0.7683,-0.5931,1.043
25.263946,0.6053,-0.5097,-0.6620,1.032
25.307066,-0.4370,-0.0785,-1.5671,1.629
25.308080,-0.4370,-0.0785,-1.5671,1.629
25.338529,-0.3058,0.1451,-2.1480,2.174
25.344131,-0.3555,0.1621,-2.0870,2.123
25.368126,-0.2725,0.4594,-2.1128,2.179
25.389866,-0.0473,0.4337,-2.0207,2.067
25.417574,0.3951,0.1063,-0.6216,0.744
25.445835,0.4825,0.3938,0.5363,0.822
25.457236,0.5656,0.5783,0.7571,1.108
25.480021,0.4511,0.6024,0.5530,0.934
25.500706,0.2593,0.5413,0.1590,0.621
25.529386,0.4268,0.5806,0.8590,1.121
25.530180,0.4268,0.5806,0.8590,1.121
25.563043,0.5884,0.0840,2.0579,2.142
25.569584,0.5842,0.3451,2.0972,2.204
25.615948,0.1947,-0.5763,2.8795,2.943
25.616839,0.1947,-0.5763,2.8795,2.943
25.645924,0.4973,-0.3722,4.6091,4.651
25.656919,0.3629,-0.6755,4.0991,4.170
25.678682,-0.2100,-0.4380,1.5093,1.586
25.699872,-0.5080,0.1797,-1.2057,1.321
25.728155,-0.9056,-0.0985,-2.7373,2.885
25.762517,-0.6349,0.2065,-0.4847,0.825
25.763228,-0.6349,0.2065,-0.4847,0.825
25.772702,-0.8097,-0.1638,0.0575,0.828
25.815443,-0.1466,-1.1730,0.4626,1.269
25.816127,-0.1466,-1.1730,0.4626,1.269
25.846626,-0.2074,-0.4216,-0.8850,1.002
25.854820,-0.2218,-0.3656,-1.0235,1.109
25.878212,-0.2365,-0.1062,-1.7746,1.793
25.906570,-0.3561,0.2293,-2.5416,2.577
25.933615,-0.5079,0.4314,-2.7322,2.812
25.942734,-0.3966,0.5874,-2.5288,2.626
25.965847,-0.3882,0.6490,-1.4603,1.644
25.987279,-0.3012,0.4295,-0.4585,0.697
26.015473,-0.5195,0.2022,0.8491,1.016
26.041553,-0.3109,0.4133,1.3088,1.407
26.041821,-0.3109,0.4133,1.3088,1.407
26.058039,-0.2643,0.5542,1.2055,1.353
26.110725,-0.2768,0.2310,0.8076,0.884
26.112130,-0.2768,0.2310,0.8076,0.884
26.144446,-0.4006,0.5745,1.4982,1.654
26.144747,-0.4006,0.5745,1.4982,1.654
26.164581,0.2056,1.2342,1.4218,1.894
26.186879,0.6717,0.5607,1.3798,1.634
26.213780,0.7060,-0.5321,2.1549,2.329
26.238850,1.2063,-0.9648,2.8267,3.221
26.253066,1.1796,-0.7242,2.3091,2.692
26.276749,0.3085,-0.5219,-0.0933,0.613
26.299694,0.2165,-0.5586,-1.0856,1.240
26.332186,0.4116,-0.2057,-0.9828,1.085
26.334221,0.4410,-0.1560,-1.0277,1.129
26.360183,0.2120,-0.4609,-1.4383,1.525
26.385554,0.3480,-1.3715,-1.2567,1.892
26.386668,0.3480,-1.3715,-1.2567,1.892
26.408154,0.4276,-1.1563,-0.1656,1.244
26.435618,0.4137,-0.5069,0.3644,0.749
26.458694,0.0427,-0.0404,-1.2853,1.287
26.475113,-0.1953,0.1086,-2.1122,2.124
26.498591,-0.1944,0.3064,-2.8313,2.854
26.526584,0.0960,0.6133,-2.2038,2.290
26.556348,0.3692,0.7358,-1.0679,1.348
26.556635,0.3692,0.7358,-1.0679,1.348
26.568260,0.3791,0.6059,-0.7704,1.051
26.613173,0.4446,0.5367,-0.0566,0.699
26.613878,0.4446,0.5367,-0.0566,0.699
26.632321,0.2951,0.5243,-0.0233,0.602
26.652944,0.3778,0.6910,-0.0885,0.792
26.675048,0.4359,0.8619,0.2562,0.999
26.696009,0.4306,0.6925,0.6339,1.033
26.729895,1.0172,-0.1356,1.5185,1.833
26.752114,1.1163,0.8231,1.5745,2.098
26.760484,0.4971,0.8415,1.4863,1.779
26.784485,-0.5316,-0.4017,2.6763,2.758
26.805631,-0.0271,-0.4135,3.8965,3.919
26.833840,-0.0791,-0.4625,2.6085,2.650
26.856202,-0.6005,-0.1246,0.0855,0.619
26.856695,-0.5745,-0.1263,-0.4109,0.718
26.877699,-0.4816,-0.0875,-1.5990,1.672
26.934096,-0.3547,-0.3801,0.3860,0.648
26.936545,-0.3547,-0.3801,0.3860,0.648
26.961121,-0.1288,-1.3296,0.3698,1.386
26.961511,-0.1288,-1.3296,0.3698,1.386
26.982485,0.3406,-1.1414,0.2970,1.228
27.005391,-0.0183,-0.8078,-0.3966,0.900
27.033517,-0.0490,-0.2045,-1.8376,1.850
27.054811,-0.1418,0.0737,-2.4165,2.422
27.071659,-0.1704,0.3040,-2.5234,2.547
27.095324,-0.2106,0.3558,-2.4472,2.482
27.128655,-0.0219,0.6067,-1.1900,1.336
27.130253,-0.0219,0.6067,-1.1900,1.336
27.153680,-0.0632,0.5916,-0.7446,0.953
27.162036,-0.1134,0.5360,-0.6325,0.837
27.182826,-0.1510,0.3066,0.1868,0.389
27.209459,-0.1435,0.6941,0.9731,1.204
27.231134,-0.0364,0.8508,0.8290,1.188
27.247894,-0.0965,0.9161,0.2969,0.968
27.271833,0.0151,0.8986,0.0146,0.899
27.295159,-0.6171,0.2402,0.2002,0.692
27.321366,-0.6191,-0.1152,1.6005,1.720
27.343817,0.3338,0.3962,2.8509,2.898
27.358533,0.6025,1.6795,1.5981,2.395
27.381285,0.3967,0.7026,0.2835,0.855
27.404156,0.9626,0.3548,1.1690,1.555
27.431993,1.0316,-0.9574,2.9868,3.302
27.433547,1.0316,-0.9574,2.9868,3.302
27.455909,0.8733,-0.5074,1.3191,1.661
27.470730,0.3394,-0.6310,0.4136,0.827
27.493507,0.2474,-0.7376,-0.6400,1.007
27.519662,0.4904,-0.4384,-0.8290,1.058
27.550317,0.4041,-0.6466,-1.5549,1.732
27.550733,0.3369,-0.8498,-1.5023,1.759
27.569122,0.1991,-1.3624,-0.7818,1.583
27.607779,0.2309,-0.7323,0.9594,1.229
27.631293,-0.4391,-0.3191,-0.9651,1.107
27.631650,-0.4391,-0.3191,-0.9651,1.107
27.650633,-0.5253,0.0087,-1.9547,2.024
27.671776,-0.4899,0.3078,-3.1183,3.171
27.691604,-0.4810,0.5341,-3.2344,3.313
27.718529,-0.1295,0.5608,-2.3033,2.374
27.743824,0.2167,0.5826,-1.4818,1.607
27.757025,0.3059,0.4542,-1.0548,1.188
27.780081,0.2454,0.1501,-0.3689,0.468
27.801980,0.2654,0.3861,0.6157,0.774
27.828116,0.2531,0.7605,0.5773,0.988
27.851482,0.1019,0.9675,-0.2942,1.016
27.867060,0.0712,1.0213,-0.2092,1.045
27.891430,0.1398,0.7261,0.4122,0.847
27.912026,0.5143,0.2875,1.2882,1.417
27.939348,0.9525,0.9581,1.6440,2.128
27.940496,0.8049,0.9660,1.4720,1.936
27.963849,-0.1548,-0.0272,1.4710,1.479
27.977892,-0.2374,-0.2410,2.4130,2.437
28.001522,-0.1231,-0.3537,4.2751,4.291
28.027305,-0.1445,-0.6108,3.3672,3.425
28.055324,-0.4964,-0.1179,0.0005,0.510
28.066428,-0.6323,-0.1169,-0.9395,1.138
28.091780,-1.2676,-0.4105,-1.4912,2.000
28.110176,-0.6551,-0.3093,-0.5780,0.927
28.137948,-0.9849,-0.6620,-0.2022,1.204
28.179200,0.2951,-1.0033,-0.2922,1.086
28.180615,0.3999,-0.8674,-0.3226,1.008
28.200797,0.2062,-0.5847,-0.3214,0.698
28.221266,0.1150,-0.4498,-0.7896,0.916
28.246662,0.0702,0.0563,-2.0028,2.005
28.247271,0.0702,0.0563,-2.0028,2.005
28.272137,-0.2227,0.0966,-3.2206,3.230
28.288422,-0.0316,0.2030,-3.2311,3.238
28.309513,0.1664,0.5470,-1.8682,1.954
28.336458,0.0595,0.7544,-0.8434,1.133
28.359986,-0.0257,0.7175,-0.1522,0.734
28.375953,-0.1521,0.6714,0.1506,0.705
28.398835,-0.1337,0.7567,0.2022,0.795
28.420913,-0.3396,1.0037,0.1709,1.073
28.446979,-0.4220,1.0802,0.4150,1.232
28.447812,-0.4220,1.0802,0.4150,1.232
28.471032,-0.6285,1.0384,0.2160,1.233
28.486768,-1.0532,0.5961,0.1379,1.218
28.517362,-1.7201,-0.4112,1.9601,2.640
28.539535,-0.4146,0.3790,3.5954,3.639
28.553057,-0.1834,1.3426,3.1042,3.387
28.574984,-0.1403,0.8420,1.2770,1.536
28.598301,0.2500,-0.2733,1.9536,1.988
28.624388,0.2532,-1.0203,3.5250,3.678
28.647709,0.6482,-0.7671,2.0168,2.253
28.665561,-0.5396,-1.0110,-0.9444,1.485
28.687208,-0.6785,-1.2301,-2.0843,2.514
28.708180,-0.6223,-0.9791,-1.1774,1.653
28.736232,-0.5639,-0.7437,-0.3960,1.014
28.737306,-0.5639,-0.7437,-0.3960,1.014
28.760904,-1.1586,-1.9488,0.0081,2.267
28.773920,-1.1301,-2.5964,0.6619,2.908
28.796958,-0.4693,-2.0946,1.3654,2.544
28.819276,-1.0640,-1.2884,0.2550,1.690
28.845749,-1.3310,-1.0264,-0.9601,1.936
28.869658,-1.6504,-0.7258,-2.0571,2.735
28.885610,-2.0436,-0.6741,-2.5721,3.354
28.909464,-1.9560,-0.5314,-2.0954,2.915
28.929997,-1.4602,-0.6865,-0.9378,1.866
28.957769,-1.0217,-0.8405,-0.1921,1.337
28.958585,-0.9861,-0.8976,-0.1110,1.338
28.979857,-0.9616,-1.3603,0.2573,1.686
28.995732,-0.6800,-1.7443,0.6785,1.991
29.023526,-0.4483,-1.1622,0.4516,1.325
29.044541,-0.7669,-0.8989,-0.8501,1.456
29.061641,-0.9297,-0.9277,-0.9005,1.592
29.084562,-1.1063,-0.2437,-0.8399,1.410
29.107511,-1.6291,-1.7952,0.2552,2.438
29.134859,-0.8910,-3.7341,5.8039,6.959
29.160092,0.7276,-2.3840,6.1226,6.611
29.160912,0.7276,-2.3840,6.1226,6.611
29.176805,0.1189,-2.5515,3.6771,4.477
29.223317,-1.0905,-2.2408,-0.1484,2.496
29.224180,-1.0905,-2.2408,-0.1484,2.496
29.250492,-1.2288,-1.7803,-0.5638,2.235
29.261224,-1.4048,-1.7217,-0.8353,2.374
29.285043,-1.6670,-1.7798,-1.4697,2.847
29.306093,-2.0677,-1.7536,-1.2383,2.981
29.334262,-2.2122,-2.4477,0.3635,3.319
29.359230,-1.8158,-2.6586,1.8843,3.730
29.371662,-1.6015,-2.5458,1.9015,3.558
29.394734,-1.5093,-2.4164,1.3851,3.168
29.417339,-1.3049,-1.9989,0.9231,2.559
29.444204,-1.1938,-1.6469,0.5834,2.116
29.445158,-1.1938,-1.6469,0.5834,2.116
29.470478,-0.9821,-1.4617,0.0658,1.762
29.482709,-0.8865,-1.4371,-0.2550,1.708
29.505959,-0.7941,-1.4085,-0.6042,1.726
29.533243,-0.6291,-1.3872,-0.4762,1.596
29.572360,-0.1892,-1.3552,-0.4740,1.448
29.573137,-0.1892,-1.3552,-0.4740,1.448
29.594617,-0.1567,-1.3604,-0.5557,1.478
29.615577,-0.1812,-1.3236,-0.6189,1.472
29.642453,0.0552,-0.8148,-0.4253,0.921
29.662106,0.0855,-0.5730,-0.4368,0.726
29.680774,0.1447,-0.3720,-0.2143,0.453
29.702607,-0.0140,-0.4011,-0.1605,0.432
29.726622,0.1771,-0.5294,0.3012,0.634
29.747865,0.2820,-0.5034,0.6053,0.836
29.748152,0.2820,-0.5034,0.6053,0.836
29.768610,0.9168,-0.0037,0.9092,1.291
29.792165,1.3824,0.0785,1.0957,1.766
29.817819,1.2448,-0.2773,1.4425,1.925
29.836086,1.4892,-0.8553,1.9140,2.572
29.857097,1.6648,-1.3032,2.1283,3.000
29.880167,1.5830,-1.5776,1.9360,2.957
29.902366,1.3727,-1.5627,1.5198,2.576
29.926675,1.3212,-1.4789,0.4484,2.033
29.951068,1.2825,-1.6878,0.0653,2.121
29.951787,1.2825,-1.6878,0.0653,2.121
29.974986,1.7028,-1.2278,-0.1208,2.103
29.991263,1.4861,-1.1513,-0.5897,1.970
30.015407,0.8936,-1.2177,-1.3034,1.995
30.039221,0.7441,-1.0341,-1.5830,2.032
30.066165,0.7399,-0.5242,-1.7059,1.932
30.079308,0.6679,-0.4779,-1.6162,1.813
30.101626,0.7183,-0.1822,-1.5818,1.747
30.123590,0.5762,-0.1088,-1.5008,1.611
30.149571,0.4795,-0.1543,-0.9267,1.055
30.174952,0.7748,0.1863,0.2216,0.827
30.175228,0.7748,0.1863,0.2216,0.827
30.194188,0.9134,0.2293,0.2236,0.968
30.237675,0.9396,0.2883,0.0761,0.986
30.238446,0.9396,0.2883,0.0761,0.986
30.262984,1.1339,0.5806,0.2810,1.305
30.278975,1.2349,0.7678,0.3731,1.501
30.303116,1.1191,0.7637,0.2344,1.375
30.326536,1.0426,0.8794,0.0941,1.367
30.349963,0.9435,0.5013,0.7354,1.297
30.375706,0.8569,0.3682,1.5924,1.845
30.389800,0.9875,0.7319,1.5103,1.947
30.412842,0.5674,0.2268,1.0290,1.197
30.434646,-0.4267,-0.7053,2.2430,2.390
30.459779,-0.3282,-1.5245,4.6788,4.932
30.460722,-0.3282,-1.5245,4.6788,4.932
30.483700,-0.2096,-1.1828,3.1897,3.408
30.500723,-0.8734,-0.8961,1.1318,1.687
30.523621,-0.9822,-0.9929,-0.7580,1.589
30.549452,-1.0053,-0.7907,-0.7607,1.488
30.582203,-0.2652,-0.9451,-0.0069,0.982
30.582446,-0.2652,-0.9451,-0.0069,0.982
30.614170,-0.1574,-1.4627,-0.5083,1.556
30.643627,0.2867,-0.9826,-1.3349,1.682
30.643967,0.2867,-0.9826,-1.3349,1.682
30.661599,0.0587,-0.7711,-1.5909,1.769
30.682093,-0.0950,-0.6316,-1.3305,1.476
30.724801,-0.2430,-0.0729,-2.2863,2.300
30.725665,-0.2430,-0.0729,-2.2863,2.300
30.750228,-0.2263,0.0802,-2.8822,2.892
30.765040,-0.2663,0.2622,-2.6134,2.640
30.789799,-0.3561,0.2998,-1.7456,1.807
30.811393,-0.3745,0.3184,-1.0477,1.157
30.836870,-0.5261,0.2600,-0.5273,0.789
30.869330,-0.4022,0.5567,0.8903,1.124
30.869609,-0.4022,0.5567,0.8903,1.124
30.885185,-0.2660,0.9370,0.9354,1.350
30.923191,-0.3032,0.4458,-0.0688,0.543
30.949893,-1.1894,-1.3302,3.1037,3.580
30.950133,-1.1894,-1.3302,3.1037,3.580
30.966676,-0.0428,-0.9488,4.5869,4.684
30.988125,0.9403,0.8708,3.7835,3.995
31.010016,0.2575,-0.6311,2.2425,2.344
31.035806,0.9597,-0.5932,2.6437,2.874
31.065396,1.3253,-0.4240,1.6196,2.135
31.074853,1.0436,-0.4431,0.7152,1.341
31.097913,0.6024,-0.5154,-0.9993,1.276
31.120255,0.5334,-0.7804,-1.2121,1.537
31.147586,0.9239,-0.5322,-0.6967,1.274
31.174471,0.9926,-1.1390,-1.8994,2.427
31.174807,0.9926,-1.1390,-1.8994,2.427
31.190505,0.7597,-1.6911,-1.4303,2.342
31.233486,0.0517,-1.1465,1.1683,1.638
31.233986,0.0517,-1.1465,1.1683,1.638
31.261853,-0.2365,-0.9236,-1.1123,1.465
31.272603,-0.4086,-0.6047,-2.3446,2.455
31.296473,-0.2683,-0.3213,-3.3331,3.359
31.317997,0.0129,0.2105,-3.3783,3.385
31.346769,0.1441,0.5824,-2.8140,2.877
31.376442,0.4033,0.5727,-1.9750,2.095
31.377237,0.4378,0.5799,-1.7989,1.940
31.393906,0.4573,0.5256,-1.1763,1.367
31.436158,0.4245,0.6522,0.5381,0.946
31.437099,0.3128,0.6517,0.7335,1.030
31.465470,0.1736,0.4759,1.2149,1.316
31.477221,0.4676,0.7498,1.3910,1.648
31.497658,0.5856,0.9642,1.5045,1.880
31.518214,0.5803,0.3800,1.9787,2.097
31.544182,0.8742,-0.0914,3.0202,3.146
31.572397,-0.0651,0.4085,2.0093,2.051
31.585225,-0.5992,-0.1216,1.8511,1.949
31.606618,-0.2073,-0.7122,3.0979,3.185
31.629041,0.1403,-0.8714,3.8824,3.982
31.656231,-0.6443,-0.4328,1.3249,1.535
31.688900,-1.1003,-0.5481,-2.1249,2.455
31.689179,-1.1003,-0.5481,-2.1249,2.455
31.701702,-0.9257,-0.3084,-2.1061,2.321
31.743600,-0.2447,-0.8822,-1.1499,1.470
31.744450,-0.2447,-0.8822,-1.1499,1.470
31.771242,0.4276,-1.4647,0.1370,1.532
31.784786,0.6662,-1.3817,0.0424,1.534
31.807142,0.4339,-1.0790,-1.5185,1.913
31.827584,-0.0757,-0.3144,-2.1873,2.211
31.855815,0.1017,0.2120,-1.5598,1.577
31.893622,0.0032,0.2335,-1.6306,1.647
31.894351,0.0032,0.2335,-1.6306,1.647
31.915491,-0.0505,0.2963,-1.6050,1.633
31.938062,-0.0343,0.4341,-1.1460,1.226
31.964465,-0.1778,0.3454,-0.6983,0.799
31.991711,0.0057,0.5119,-0.0200,0.512
31.992007,0.0057,0.5119,-0.0200,0.512
32.035081,0.1487,1.1566,-0.1131,1.172
32.036597,0.1600,1.2004,-0.1980,1.227
32.056102,0.2844,0.9376,-0.4188,1.066
32.070625,-0.3058,-0.0361,0.2982,0.429
32.093066,-0.0990,-0.8729,2.7924,2.927
32.114804,1.0010,-0.4621,5.0657,5.184
32.142356,0.6274,0.7666,2.1592,2.376
32.164259,-0.0249,-0.6212,1.1276,1.288
32.181546,0.6696,-0.4872,2.2687,2.415
32.202935,1.3667,-0.6528,3.1141,3.463
32.224407,1.3097,-0.1901,1.8770,2.297
32.252617,0.7338,-0.7881,-1.2013,1.613
32.253374,0.7338,-0.7881,-1.2013,1.613
32.272834,0.5146,-1.0527,-2.0132,2.329
32.291454,0.9693,-0.7472,-1.8261,2.198
32.315366,1.3924,-0.5957,-2.2299,2.696
32.346008,1.4590,-1.3634,-1.6778,2.608
32.371028,0.8823,-0.8312,0.2087,1.230
32.379388,0.7959,-0.6367,0.5628,1.164
32.402466,0.6534,-0.4628,0.0359,0.801
32.424517,0.6260,-0.2504,-1.5269,1.669
32.450816,0.3811,0.1415,-2.2706,2.307
32.474891,0.3689,0.3320,-2.4061,2.457
32.475242,0.3689,0.3320,-2.4061,2.457
32.493581,0.3652,0.3711,-2.3118,2.370
32.537828,0.1205,0.5659,-0.7895,0.979
32.544081,0.2289,0.4725,-0.1100,0.536
32.561741,0.2673,0.3820,0.3940,0.610
32.579382,-0.0765,0.4331,0.5118,0.675
32.602757,0.0383,0.3361,0.8194,0.886
32.622358,0.5684,0.8802,1.3646,1.721
32.646592,0.1739,0.8630,1.1130,1.419
32.670401,0.4266,-0.1133,2.1599,2.204
32.690747,0.9205,0.0541,3.0694,3.205
32.713180,1.0499,1.0140,2.3548,2.770
32.735548,-0.3963,-0.0855,1.5643,1.616
32.761377,0.4206,-0.7974,4.0917,4.190
32.762555,0.4206,-0.7974,4.0917,4.190
32.792544,0.4444,-0.4605,3.1164,3.181
32.800028,0.0220,-0.3426,1.9138,1.944
32.822749,-0.5446,-0.8745,-0.4394,1.120
32.848912,-0.6452,-0.7612,-1.7402,2.006
32.872122,-0.4638,-0.4936,-1.1972,1.375
32.889623,-0.0068,-1.1369,0.1235,1.144
32.913588,0.0179,-1.1953,0.5140,1.301
32.935664,0.1063,-1.1297,-0.4833,1.233
32.967404,-0.3805,-0.5689,-2.6066,2.695
32.969192,-0.5084,-0.4906,-2.8509,2.937
32.999908,-0.2595,-0.0689,-3.0936,3.105
33.021555,-0.3535,0.2591,-2.6001,2.637
33.022328,-0.3535,0.2591,-2.6001,2.637
33.044009,-0.1752,0.3510,-1.8477,1.889
33.069370,-0.0131,0.2592,-1.2872,1.313
33.090864,0.0195,0.2367,-0.9476,0.977
33.111131,-0.0556,0.1133,-0.5924,0.606
33.133519,-0.1425,0.2422,-0.1247,0.307
33.163489,-0.3313,0.5033,-0.2922,0.670
33.164481,-0.3313,0.5033,-0.2922,0.670
33.183763,-0.0156,0.6891,0.0848,0.694
33.202708,0.3567,0.9951,0.2548,1.087
33.248883,-0.4233,-0.6820,2.3241,2.459
33.249713,-0.4233,-0.6820,2.3241,2.459
33.273385,0.6115,1.0025,3.2489,3.455
33.287268,0.5165,1.1923,2.6106,2.916
33.311385,0.8217,-0.5688,1.9263,2.170
33.332867,1.3210,-0.5788,3.0731,3.395
33.358765,1.4758,-0.5436,2.6510,3.082
33.383272,0.9330,-0.2696,0.8797,1.310
33.398505,0.9412,-0.4831,-0.5017,1.171
33.420244,0.9186,-0.8068,-1.1049,1.648
33.442473,1.3330,-0.5809,-0.4894,1.534
33.470985,1.5486,-1.0793,-0.5648,1.970
33.472399,1.5737,-1.2209,-0.6440,2.093
33.492807,1.4352,-1.0591,-0.2273,1.798
33.508996,1.0632,-0.8245,0.1211,1.351
33.532141,0.6961,-0.7125,-0.4313,1.085
33.559043,0.3643,-0.3218,-2.4390,2.487
33.586768,0.4430,0.0585,-3.1567,3.188
33.596860,0.5341,0.2567,-3.0775,3.134
33.620100,0.5583,0.5445,-2.4822,2.602
33.642145,0.4623,0.5541,-1.9332,2.064
33.670066,0.3002,0.4321,-1.5515,1.638
33.670751,0.3002,0.4321,-1.5515,1.638
33.692596,0.3188,0.2450,-0.6161,0.736
33.711388,0.5490,0.1952,0.2117,0.620
33.758684,0.4238,0.6437,1.6736,1.843
33.759446,0.4238,0.6437,1.6736,1.843
33.786091,0.5268,0.7682,0.8217,1.242
33.795696,0.4908,0.7374,0.7602,1.167
33.818843,0.5704,0.6208,1.4550,1.682
33.847403,0.4519,0.6559,1.9349,2.092
33.870893,-0.4485,0.1104,2.0552,2.106
33.885011,-0.6513,-0.5151,2.6413,2.769
33.908842,0.1738,-1.6788,5.1946,5.462
33.929970,0.3142,-0.7599,4.1299,4.211
33.956852,-0.8562,-0.8925,-0.3431,1.284
33.957664,-0.8562,-0.8925,-0.3431,1.284
33.982271,-1.0454,-0.7590,-2.0735,2.443
33.996172,-0.3892,-0.4115,-1.7729,1.861
34.018100,0.2631,-0.4708,-1.4740,1.570
34.046048,0.2461,-0.7746,-1.4567,1.668
34.070876,0.4287,-0.6285,-0.6844,1.023
34.084128,0.3748,-0.5139,-0.6103,0.882
34.107527,0.1498,-0.2077,-0.7246,0.768
34.128387,-0.0595,-0.0317,-1.0657,1.068
34.157358,-0.2222,0.0942,-1.7024,1.719
34.181586,-0.0315,-0.0171,-1.2842,1.285
34.181842,-0.0315,-0.0171,-1.2842,1.285
34.199150,-0.0512,-0.0347,-0.6752,0.678
34.244659,-0.4296,-0.3978,-0.5346,0.793
34.245550,-0.4438,-0.4432,-0.4137,0.751
34.270270,-0.3723,-0.5209,0.5403,0.838
34.282913,-0.0366,-0.2702,0.5695,0.631
34.306509,-0.3619,0.2766,-0.9334,1.039
34.328383,-0.6706,0.3203,-1.6692,1.827
34.355828,-0.6274,0.1522,-0.4594,0.792
34.384722,-0.2621,-0.4872,1.7303,1.817
34.385010,-0.2621,-0.4872,1.7303,1.817
34.402422,0.1731,-0.0284,2.5895,2.595
34.443875,0.2039,0.0475,1.0415,1.062
34.445466,0.1902,-0.1001,1.0973,1.118
34.468526,0.4181,-0.0686,1.7323,1.783
34.484262,0.9412,-0.4043,2.2046,2.431
34.506162,1.7871,-0.4148,1.7500,2.535
34.527551,1.1232,-0.1408,0.3825,1.195
34.554481,0.8026,-0.6846,-0.4163,1.134
34.583050,0.9367,-0.2031,-1.1173,1.472
34.592198,1.0007,-0.0037,-1.4578,1.768
34.614752,0.9328,-0.5345,-2.0693,2.332
34.636044,0.8885,-0.9381,-1.5271,2.000
34.663084,0.6418,-0.7673,0.5588,1.146
34.690571,0.1937,-0.3625,0.3850,0.563
34.690825,0.1937,-0.3625,0.3850,0.563
34.707868,0.1314,-0.3442,-0.8471,0.924
34.751354,0.0252,0.0940,-2.6528,2.655
34.752106,0.0252,0.0940,-2.6528,2.655
34.782237,0.3448,0.3709,-1.9250,1.991
34.790932,0.2692,0.3257,-1.6632,1.716
34.814086,0.2970,0.2031,-0.5451,0.653
34.835517,0.2900,0.1248,0.1496,0.349
34.863332,0.0953,0.2607,0.4119,0.497
34.896798,-0.1146,0.5221,0.9696,1.107
34.897475,-0.1146,0.5221,0.9696,1.107
34.911879,-0.1095,0.7015,0.9655,1.198
34.949623,-0.0202,0.4250,1.1169,1.195
34.976361,0.0919,0.7769,1.1315,1.376
34.976714,0.0919,0.7769,1.1315,1.376
34.993745,-0.4646,0.1706,1.2943,1.386
35.014299,-0.7487,-0.5641,2.7387,2.895
35.036427,-0.4009,-0.9672,4.4638,4.585
35.064129,-0.0835,-0.8744,4.1785,4.270
35.100843,-0.7266,-0.4521,-1.0027,1.318
35.101555,-0.7266,-0.4521,-1.0027,1.318
35.125226,-0.7444,-0.5067,-2.3503,2.517
35.146288,-0.5466,-0.3479,-2.1119,2.209
35.172949,-0.5153,-0.5481,-1.0954,1.329
35.197912,-0.5079,-1.3272,-0.4370,1.487
35.198262,-0.5079,-1.3272,-0.4370,1.487
35.217525,-0.0831,-1.3638,-0.2871,1.396
35.262543,-0.1231,-0.5418,-0.1990,0.590
35.263562,-0.1316,-0.4631,-0.2459,0.541
35.284756,-0.1567,-0.2493,-0.9825,1.026
35.300881,-0.3036,-0.2591,-1.6978,1.744
35.324456,-0.2044,-0.2071,-2.2445,2.263
35.354066,-0.1700,0.0169,-1.4561,1.466
35.381532,-0.3036,0.4031,-0.8131,0.957
35.381863,-0.3006,0.4312,-0.7858,0.945
35.400406,-0.4002,0.3713,-0.8140,0.980
35.438234,-0.7079,0.6177,-0.2475,0.972
35.463397,-0.6689,0.8115,-0.0335,1.052
35.463663,-0.6689,0.8115,-0.0335,1.052
35.482963,-0.5988,0.8691,0.0111,1.056
35.502164,-0.5043,1.0186,0.1539,1.147
35.549254,-1.2246,-0.0709,1.5373,1.967
35.550035,-1.2246,-0.0709,1.5373,1.967
35.571622,-0.6547,0.1199,2.9552,3.029
35.588406,-0.1013,1.6902,2.3653,2.909
35.611695,-0.0994,0.8959,1.3359,1.612
35.633323,0.6139,0.3678,1.5829,1.737
35.660262,0.9645,-0.8890,3.1121,3.377
35.684216,1.5326,-0.6171,2.7247,3.186
35.698006,0.6848,-0.6801,0.9788,1.375
35.721181,0.2974,-1.0003,-0.8124,1.322
35.743580,0.4514,-1.0000,-1.0582,1.524
35.772108,0.7200,-0.6419,-0.6161,1.145
35.773319,0.6539,-0.7314,-0.7054,1.208
35.795755,0.5305,-1.0687,-1.0482,1.588
35.809396,0.2203,-1.3662,-1.0423,1.732
35.833456,0.0841,-1.2309,-0.1956,1.249
35.859531,-0.2761,-0.6489,-0.5568,0.898
35.886984,-0.5746,-0.1612,-1.7069,1.808
35.897366,-0.8375,-0.0142,-1.8974,2.074
35.919691,-0.7552,0.1816,-2.3808,2.504
35.942118,-0.4168,0.5371,-2.1354,2.241
35.966109,-0.3372,0.6935,-1.4839,1.672
35.985379,-0.1904,0.6070,-0.9179,1.117
36.008169,-0.1236,0.4024,-0.2007,0.466
36.029592,0.0273,0.2628,0.0650,0.272
36.052114,0.0941,0.3048,0.4839,0.580
36.052535,0.0941,0.3048,0.4839,0.580
36.075412,-0.0330,0.4189,0.6714,0.792
36.096241,-0.2219,0.6546,0.6733,0.965
36.119210,-0.2112,0.6411,0.4178,0.794
36.141143,-0.0209,0.2559,0.7934,0.834
36.164815,0.1606,-0.1424,1.2069,1.226
36.185324,0.6055,0.3520,1.8629,1.990
36.208037,-0.6404,0.7130,0.8502,1.281
36.228553,-1.0489,-0.3515,1.2790,1.691
36.251535,-0.6269,-0.7937,2.8366,3.012
36.275781,-0.2150,-0.9136,2.4777,2.650
36.276042,-0.2150,-0.9136,2.4777,2.650
36.294717,-0.6089,-0.3759,0.7317,1.023
36.316655,-1.0738,-0.3945,-1.5069,1.892
36.339711,-1.2324,-0.3855,-1.8409,2.249
36.363235,-0.9959,-0.1525,-1.0203,1.434
36.384583,-0.7501,-0.5652,-0.8397,1.260
36.406484,-0.1779,-1.4511,-0.8621,1.697
36.428058,0.4519,-1.2143,0.2593,1.321
36.451019,0.6188,-0.4301,1.2232,1.437
36.475514,0.0605,0.1166,-0.2517,0.284
36.494683,-0.2138,0.1683,-1.6732,1.695
36.516686,-0.3135,0.1545,-3.0075,3.028
36.539172,-0.2661,0.4300,-2.6356,2.684
36.539962,-0.2199,0.4971,-2.3714,2.433
36.561038,-0.0397,0.6689,-1.3413,1.499
36.585534,-0.0466,0.6601,-0.6200,0.907
36.604839,-0.2657,0.4075,-0.4472,0.661
36.627249,-0.2548,0.3917,-0.0371,0.469
36.650133,-0.3003,0.6321,0.3720,0.793
36.673562,-0.4246,0.7226,0.5021,0.977
36.693025,-0.2424,0.9118,0.4401,1.041
36.716646,-0.3164,0.5601,0.1367,0.658
36.739238,-0.5154,-0.0953,0.9250,1.063
36.760838,-0.3756,-0.2247,2.6984,2.734
36.783877,0.3017,1.0826,2.1404,2.417
36.784512,0.1180,1.1157,1.9617,2.260
36.805140,0.0756,0.2909,1.1721,1.210
36.825412,0.6005,0.3479,1.1303,1.326
36.848933,0.8737,-0.0403,1.7843,1.987
36.872409,1.3991,-0.2448,1.8469,2.330
36.893463,0.8935,-0.1252,0.6935,1.138
36.915628,0.3915,-0.5476,-0.7280,0.992
36.937100,0.3775,-0.7221,-0.9526,1.254
36.959715,0.5744,-0.4044,-0.8115,1.073
36.983683,0.6128,-0.4523,-1.4463,1.635
37.003376,0.4602,-0.9361,-1.8074,2.087
37.027640,0.6212,-0.9928,-0.4021,1.238
37.029934,0.6085,-0.9001,-0.1876,1.103
37.050689,0.2989,-0.5185,0.4508,0.749
37.087539,-0.1611,0.0305,-1.3162,1.326
37.090267,-0.2510,0.0686,-1.6010,1.622
37.114151,-0.2697,0.3792,-2.3423,2.388
37.136918,-0.1204,0.5238,-2.1885,2.253
37.157888,-0.0816,0.7004,-1.6308,1.777
37.182329,0.0064,0.6537,-0.8418,1.066
37.201626,-0.0179,0.5520,-0.4170,0.692
37.225277,-0.0825,0.3040,-0.1982,0.372
37.249150,-0.0592,0.4698,0.1875,0.509
37.250134,-0.0592,0.4698,0.1875,0.509
37.269245,-0.0826,0.5406,0.3454,0.647
37.304570,-0.2827,0.6438,-0.0384,0.704
37.324717,-0.3507,0.3352,0.2486,0.545
37.335029,-0.3212,0.1056,0.7968,0.866
37.363804,0.4955,-0.0264,2.0822,2.141
37.385388,-0.1853,0.6948,1.1751,1.378
37.400526,-0.9978,0.0965,1.1764,1.546
37.424792,-0.8549,-0.0962,2.7032,2.837
37.447116,-0.5602,-0.3409,3.5337,3.594
37.481794,-0.2518,0.0154,0.9955,1.027
37.483530,-0.3814,0.1022,0.4068,0.567
37.501552,-0.5352,0.1188,-0.8927,1.048
37.512557,-0.7009,0.0544,-1.6481,1.792
37.536061,-0.7905,0.0776,-1.3948,1.605
37.564702,-0.3247,0.3062,-0.8800,0.987
37.588053,-0.3879,-0.6749,-1.1424,1.382
37.601620,-0.5488,-1.0347,-0.9005,1.477
37.624130,-0.1905,-0.9174,0.4597,1.044
37.645090,0.0341,-0.4336,0.5469,0.699
37.671612,-0.0179,0.0476,-0.8598,0.861
37.696252,-0.2434,0.2424,-2.3205,2.346
37.696681,-0.2664,0.2465,-2.4394,2.466
37.715467,-0.0925,0.3847,-2.4991,2.530
37.761931,-0.3075,0.8238,-1.7034,1.917
37.762741,-0.2409,0.8412,-1.5795,1.806
37.789470,-0.2621,0.6275,-0.5542,0.877
37.800112,-0.2603,0.5713,-0.1295,0.641
37.823055,-0.2849,0.3623,0.5241,0.698
37.844787,-0.3895,0.4914,0.6219,0.883
37.872402,-0.3457,0.7628,0.4996,0.975
37.896777,-0.2045,0.9799,0.2477,1.031
37.910565,-0.1338,0.8179,0.2913,0.878
37.934690,-0.8356,-0.2552,1.3183,1.582
37.955003,-0.5921,-0.3736,3.2189,3.294
37.983950,-0.1457,0.4171,2.9252,2.958
37.984839,-0.1457,0.4171,2.9252,2.958
38.008315,0.1214,-0.0915,2.1033,2.109
38.021781,0.4321,-0.2164,2.1129,2.167
38.044743,0.9978,-0.3252,2.0949,2.343
38.072988,0.8090,-0.1414,0.7411,1.106
38.097331,0.2946,-0.4207,-1.2353,1.338
38.109981,0.3271,-0.5611,-1.7318,1.850
38.132811,0.4033,-0.5410,-1.8632,1.982
38.155185,0.9368,-0.2659,-1.5869,1.862
38.183012,0.7106,-0.6174,-2.2457,2.435
38.183789,0.7106,-0.6174,-2.2457,2.435
38.208241,0.5085,-0.9349,-1.7970,2.088
38.223101,0.3620,-0.8715,-1.1057,1.454
38.243903,0.3006,-0.4312,-0.4900,0.719
38.271318,0.0473,0.0402,-0.5740,0.577
38.307084,-0.2565,0.2901,-2.0984,2.134
38.307648,-0.2565,0.2901,-2.0984,2.134
38.332436,-0.0125,0.4727,-1.6054,1.674
38.354946,0.1515,0.6066,-0.9110,1.105
38.381774,0.2331,0.4720,0.2681,0.591
38.411401,0.4847,0.4507,0.5073,0.834
38.411911,0.4847,0.4507,0.5073,0.834
38.427062,0.2558,0.4944,0.2411,0.607
38.471256,-0.0600,0.9138,-0.3276,0.973
38.471987,-0.0600,0.9138,-0.3276,0.973
38.494229,-0.0565,1.0142,0.1839,1.032
38.509038,-0.0725,0.7894,0.7193,1.070
38.532051,0.2762,-0.3338,1.4224,1.487
38.552555,0.5821,0.2437,2.0246,2.121
38.580872,-0.6403,0.0163,2.2866,2.375
38.604567,-0.1119,-0.1567,3.7546,3.760
38.618655,0.1346,-0.4084,3.9016,3.925
38.642152,0.0537,-0.5746,2.5326,2.598
38.662983,-0.5994,-0.0975,0.6635,0.899
38.689113,-1.0181,-0.2983,-1.2069,1.607
38.712551,-0.7056,-0.5658,-1.3396,1.616
38.713228,-0.7056,-0.5658,-1.3396,1.616
38.732157,-0.1666,-0.2672,-0.2985,0.434
38.776742,-0.4285,-0.8849,-0.4122,1.066
38.777426,-0.4285,-0.8849,-0.4122,1.066
38.802797,-0.3770,-0.8510,-0.7951,1.224
38.817315,-0.1681,-1.0134,-1.3658,1.709
38.839967,0.2996,-0.5497,-1.9259,2.025
38.862585,-0.2109,0.0409,-1.6640,1.678
38.887755,-0.0690,0.0845,-1.2679,1.273
38.910768,-0.2236,0.0942,-1.8679,1.884
38.928374,-0.4841,0.3433,-2.3606,2.434
38.950822,-0.4427,0.5958,-2.3532,2.467
38.972584,-0.6140,0.4482,-1.1062,1.342
39.001187,-0.2078,0.6690,1.3577,1.528
39.001983,-0.2078,0.6690,1.3577,1.528
39.024592,0.1076,0.9052,1.6427,1.879
39.039144,0.0530,0.7027,1.1551,1.353
39.061018,-0.2279,0.8410,0.5598,1.036
39.088044,-0.6005,0.6508,-0.0251,0.886
39.112419,-1.2879,-0.2217,0.8843,1.578
39.127749,-0.7663,-0.1028,2.2804,2.408
39.151757,0.0719,0.7270,3.2743,3.355
39.178937,0.2095,0.6735,1.3670,1.538
39.180723,0.3074,0.3746,1.1229,1.223
39.208194,0.7225,-0.0608,1.3401,1.524
39.219269,0.7335,-0.3270,1.9652,2.123
39.266683,0.3341,-0.2376,-0.7296,0.837
39.267394,0.3341,-0.2376,-0.7296,0.837
39.288462,0.1103,-0.4302,-2.4637,2.503
39.306115,-0.2056,-0.5316,-2.4635,2.529
39.328258,0.2540,-0.2947,-1.2676,1.326
39.350085,0.3062,-0.2981,-0.6916,0.813
39.377768,0.2701,-1.1690,-0.9908,1.556
39.407645,0.3914,-1.0271,-0.1042,1.104
39.407920,0.3914,-1.0271,-0.1042,1.104
39.422799,0.3287,-0.8787,0.3637,1.006
39.463568,-0.5208,0.0355,-1.3827,1.478
39.465792,-0.5255,0.1296,-1.7383,1.821
39.484722,-0.5267,0.3979,-2.9513,3.024
39.504164,-0.4572,0.5324,-3.3094,3.383
39.527317,-0.4038,0.7085,-2.7138,2.834
39.549918,-0.0862,0.8449,-1.0762,1.371
39.576808,-0.0837,0.7452,0.0035,0.750
39.604682,-0.1402,0.3750,0.4196,0.580
39.604938,-0.1402,0.3750,0.4196,0.580
39.625929,-0.2157,0.5909,0.8473,1.055
39.662866,-0.1243,0.9822,1.1699,1.533
39.688499,-0.0288,0.9518,0.8543,1.279
39.688767,-0.0288,0.9518,0.8543,1.279
39.706959,0.1155,0.7128,1.0756,1.296
39.727864,0.4134,0.6093,1.6121,1.772
39.775255,-0.5066,-0.1508,1.6986,1.779
39.776161,-0.5066,-0.1508,1.6986,1.779
39.803224,-0.4831,-0.8001,4.3845,4.483
39.813083,-0.3362,-0.9703,4.6033,4.716
39.835856,-0.2321,-0.2999,2.4879,2.517
39.858753,-0.7242,-0.0397,-1.2459,1.442
39.886404,-1.0833,-0.0985,-3.0632,3.251
39.910398,-0.7124,0.1271,-1.7601,1.903
39.910775,-0.7124,0.1271,-1.7601,1.903
39.930402,-0.5400,0.0319,-0.7159,0.897
39.974223,-0.2443,-0.9348,-0.2858,1.008
39.975328,-0.2443,-0.9348,-0.2858,1.008
40.000561,-0.0501,-0.5056,0.0073,0.508
40.012862,-0.0357,-0.2394,-0.0948,0.260
40.034798,-0.2904,0.0320,-0.7598,0.814
40.057390,-0.3383,0.3155,-1.9072,1.963
40.084978,-0.3320,0.3193,-2.5288,2.570
40.110251,-0.2169,0.6232,-1.8353,1.950
40.123971,-0.3097,0.6729,-1.5309,1.701
40.147152,-0.3891,0.7580,-1.0608,1.361
40.168199,-0.5365,0.7521,-0.4972,1.049
40.195841,-0.4984,0.8013,0.3221,0.997
40.196861,-0.4397,0.8106,0.4969,1.048
40.235194,-0.3004,0.7867,1.4113,1.643
40.235985,-0.3004,0.7867,1.4113,1.643
40.256731,-0.2194,0.6020,1.1461,1.313
40.284939,-0.2226,-0.4181,1.8077,1.869
40.308420,0.4091,0.7285,2.1745,2.329
40.322265,0.2918,0.7820,1.6429,1.843
40.344763,0.6501,0.2210,1.4550,1.609
40.367163,0.3482,-0.4445,2.1273,2.201
40.395249,1.4968,-0.5277,2.3380,2.826
40.419210,0.4434,-0.3677,0.5768,0.815
40.419461,0.4434,-0.3677,0.5768,0.815
40.439512,0.3654,-0.6511,-0.3188,0.812
40.481851,0.5665,-0.4551,-0.3009,0.786
40.482579,0.5665,-0.4551,-0.3009,0.786
40.513207,0.6127,-0.6487,-0.7763,1.183
40.519809,0.5594,-0.7654,-0.8385,1.266
40.541610,0.2721,-0.8203,-0.3955,0.950
40.564714,0.1984,-0.6066,-0.0635,0.641
40.590114,0.0323,-0.3502,-1.0979,1.153
40.607968,-0.0198,-0.0222,-2.1742,2.174
40.633534,-0.0699,0.2975,-2.9809,2.997
40.655493,0.0657,0.5387,-2.7943,2.847
40.685130,0.1993,0.5632,-1.8458,1.940
40.691127,0.4249,0.6097,-1.2972,1.495
40.704082,0.3925,0.5390,-1.0330,1.230
40.732603,0.2737,0.5643,-0.7074,0.945
40.743973,0.2120,0.5911,-0.5932,0.864
40.764541,0.1581,0.7358,-0.2420,0.791
40.789341,0.0734,0.7296,0.3967,0.834
40.809030,0.0396,0.7866,0.8161,1.134
40.831542,-0.1231,0.7019,1.1992,1.395
40.855362,-0.0371,0.3274,1.5818,1.616
40.877096,0.4448,0.5569,1.8185,1.953
40.914130,-0.8740,-0.1143,1.8367,2.037
40.914366,-0.8740,-0.1143,1.8367,2.037
40.928142,-0.6777,-0.2222,2.3843,2.489
40.967128,-0.1410,-0.4140,3.0276,3.059
40.989960,-0.8659,0.0993,-0.2482,0.906
40.990199,-0.8659,0.0993,-0.2482,0.906
41.009371,-1.0056,0.0001,-1.4961,1.803
41.030770,-1.1937,-0.1196,-1.7309,2.106
41.052177,-0.8082,0.2918,-0.9082,1.250
41.079561,-0.7392,-0.5497,-0.3716,0.993
41.104671,-0.4084,-1.1731,0.1629,1.253
41.118694,-0.1426,-0.9503,0.1327,0.970
41.141345,-0.0745,-0.2602,-0.5932,0.652
41.163383,-0.0168,0.1433,-1.6523,1.659
41.191684,-0.6346,0.2627,-3.1299,3.204
41.192689,-0.6346,0.2627,-3.1299,3.204
41.215670,-0.6529,0.5449,-2.8221,2.947
41.232779,-0.4456,0.7235,-2.3141,2.465
41.278263,-0.4280,0.9090,-0.8114,1.291
41.279640,-0.4576,0.9161,-0.5959,1.185
41.305228,-0.4515,0.9769,0.7595,1.317
41.317819,-0.4784,0.9196,1.1712,1.564
41.340502,-0.5103,0.8066,1.5136,1.789
41.362690,-0.3809,0.8305,1.1474,1.467
41.390496,-0.1765,0.9705,0.7844,1.260
41.420014,-0.3584,-0.1957,1.9182,1.961
41.420307,-0.3584,-0.1957,1.9182,1.961
41.435971,-0.4308,-0.4510,2.8555,2.923
41.477951,0.5353,0.7023,1.9668,2.156
41.478720,0.4364,0.4955,1.7400,1.861
41.507870,0.2800,0.1708,1.2519,1.294
41.518086,0.4164,0.0303,1.4969,1.554
41.540502,0.9153,-0.2959,1.6132,1.878
41.561381,1.2087,0.0096,0.7986,1.449
41.590110,0.6846,-0.5006,-1.1167,1.402
41.612120,0.5579,-0.7490,-1.1474,1.479
41.627857,0.6735,-0.6666,-0.5058,1.074
41.651009,0.8026,-0.7119,-0.2546,1.103
41.671726,0.9520,-0.6469,-0.9324,1.481
41.699850,0.2210,-0.9392,-0.3883,1.040
41.728056,-0.0617,-0.3806,-1.3200,1.375
41.729062,-0.0617,-0.3806,-1.3200,1.375
41.741305,-0.0171,-0.2468,-1.8303,1.847
41.782287,-0.4866,-0.0079,-2.0876,2.144
41.782658,-0.3457,0.0466,-2.1298,2.158
41.803642,-0.1266,0.1780,-2.4337,2.443
41.828933,-0.0574,0.2380,-2.3940,2.406
41.850523,0.3808,0.6282,-1.9764,2.109
41.872735,0.6172,0.6359,-1.1934,1.486
41.898266,0.2629,0.5306,0.4287,0.731
41.932806,0.7629,1.0391,0.0683,1.291
41.933542,0.7629,1.0391,0.0683,1.291
41.945248,0.3892,0.9801,0.4343,1.140
41.983479,0.4194,1.1501,1.1181,1.658
42.004793,0.5412,0.5544,1.2379,1.460
42.026844,0.4538,0.1990,2.2261,2.281
42.027749,0.3000,0.1673,2.5070,2.530
42.049944,-0.6941,0.6013,3.0293,3.165
42.071658,0.0277,0.7021,0.9972,1.220
42.099394,0.0994,0.0561,1.9040,1.907
42.143075,-1.0441,-1.3927,2.1124,2.737
42.143449,-1.0441,-1.3927,2.1124,2.737
42.157714,-1.0730,-1.1393,0.0951,1.568
42.180726,-1.3300,-0.9156,-2.2441,2.765
42.206296,-1.2343,-0.4480,-2.9572,3.236
42.226575,-0.3032,-0.6289,-0.8128,1.072
42.247449,0.1855,-0.8227,0.4555,0.958
42.270298,0.0101,-0.7842,0.4924,0.926
42.304702,-0.3184,-0.3822,-0.8591,0.993
42.306580,-0.2873,-0.2862,-1.0387,1.115
42.329541,-0.0214,0.0899,-1.3633,1.366
42.335322,0.0807,0.1492,-1.3902,1.401
42.358066,0.2478,0.4618,-1.4294,1.522
42.385368,-0.1243,0.7134,-1.3869,1.565
42.407685,-0.3118,0.8694,-1.9742,2.180
42.424005,-0.3945,0.9283,-2.3884,2.593
42.447352,-0.2658,1.0160,-2.2757,2.506
42.469157,-0.0732,1.0792,-1.3592,1.737
42.497042,-0.3902,0.7497,0.0917,0.850
42.497861,-0.3902,0.7497,0.0917,0.850
42.520542,-0.0276,0.7361,1.1691,1.382
42.534674,0.0063,0.7813,1.2325,1.459
42.557167,0.3672,0.6591,0.5319,0.923
42.585310,0.3229,0.3288,0.7695,0.897
42.607991,-0.2344,0.5842,2.7691,2.840
42.623332,0.5511,0.6777,2.6214,2.763
42.645843,1.0617,0.3481,1.5990,1.951
42.667925,1.4584,-0.0826,2.0273,2.499
42.695455,1.0132,-1.1478,3.6172,3.928
42.720082,-0.5259,-1.0713,2.6002,2.861
42.720550,-0.5259,-1.0713,2.6002,2.861
42.738222,-0.6679,-0.9225,1.2144,1.665
42.782243,0.0459,-0.1718,-1.7069,1.716
42.782906,0.0459,-0.1718,-1.7069,1.716
42.807216,0.9968,-0.2064,-2.7895,2.969
42.822505,1.1965,-0.0915,-2.6297,2.891
42.845167,0.7315,-0.0730,-1.5086,1.678
42.866799,-0.3122,-0.3971,-0.5215,0.726
42.892825,-0.8370,-0.5533,-0.6585,1.200
42.916654,-0.6520,-0.1343,-1.8711,1.986
42.932094,-0.3435,0.0746,-2.5054,2.530
42.955020,-0.1095,0.2761,-2.5368,2.554
42.977933,-0.2257,0.2074,-2.0173,2.040
43.003866,-0.3489,0.3210,-1.7200,1.784
43.004937,-0.3521,0.3778,-1.6171,1.698
43.027785,-0.1870,0.4384,-0.8972,1.016
43.043371,-0.0982,0.4043,-0.1836,0.455
43.069118,-0.4893,0.6002,0.5109,0.928
43.092262,-0.4954,0.5913,0.7208,1.056
43.119651,0.1126,0.5867,1.1149,1.265
43.131882,0.4708,0.4609,1.2552,1.418
43.154366,1.0210,0.1434,2.1183,2.356
43.176588,-0.3280,0.6716,2.6023,2.707
43.202023,0.2427,0.2816,1.0229,1.088
43.227938,-0.0690,-0.0590,1.9594,1.961
43.228238,-0.0690,-0.0590,1.9594,1.961
43.246090,-0.0402,-0.4682,2.5790,2.621
43.289803,-0.9564,-0.0206,-0.8957,1.311
43.290536,-0.9564,-0.0206,-0.8957,1.311
43.318698,-0.4064,0.3515,-1.9332,2.007
43.330794,-0.0446,0.3035,-0.6504,0.719
43.353384,0.2032,-0.1487,1.2090,1.235
43.376606,0.2126,-0.6229,2.0882,2.189
43.401062,0.3180,-0.9266,1.2159,1.561
43.438319,-0.4972,-0.0741,-0.7905,0.937
43.439175,-0.4818,0.0193,-0.9638,1.078
43.449464,-0.4717,0.1029,-1.0965,1.198
43.490197,-0.6215,0.2617,-2.0810,2.188
43.490882,-0.6215,0.2617,-2.0810,2.188
43.518273,-1.0535,0.4475,-2.2014,2.481
43.530320,-1.0620,0.4962,-2.0104,2.327
43.552226,-0.7641,0.4239,-1.8379,2.035
43.574486,-0.3431,0.4291,-1.6409,1.730
43.600678,-0.1781,0.4081,-0.8022,0.918
43.638727,-0.7380,0.1202,0.4597,0.878
43.639482,-0.7380,0.1202,0.4597,0.878
43.665050,-0.2929,0.0074,0.6491,0.712
43.686181,0.1550,-0.0876,0.8346,0.853
43.712260,0.4961,-0.3629,1.4875,1.609
43.740444,-0.7109,0.3019,2.3939,2.515
43.740811,-0.7109,0.3019,2.3939,2.515
43.753986,0.2955,0.2323,1.4946,1.541
43.800198,2.1004,0.1768,1.9299,2.858
43.801017,2.1004,0.1768,1.9299,2.858
43.824862,1.0892,-0.4958,2.5579,2.824
43.840782,0.2225,-0.6879,1.9060,2.038
43.862919,-0.2773,-0.6881,1.0092,1.253
43.882701,0.4083,-0.4653,0.9228,1.111
43.910938,1.2578,-0.1450,0.3794,1.322
43.932794,1.0754,-0.1278,-1.0159,1.485
43.949718,0.6049,-0.2105,-1.5745,1.700
43.972785,0.0974,-0.3404,-1.4513,1.494
44.000914,-0.1571,-0.5644,-0.7552,0.956
44.001647,-0.1571,-0.5644,-0.7552,0.956
44.024641,-0.2236,-0.3701,-1.2739,1.345
44.039682,-0.2220,-0.2208,-1.8247,1.851
44.062501,-0.0699,-0.0897,-2.3207,2.324
44.089656,0.0473,0.2517,-3.3597,3.369
44.115105,0.5340,0.6367,-2.9572,3.072
44.127422,0.5729,0.6433,-2.6008,2.740
44.149661,0.7626,0.5929,-1.3768,1.682
44.173971,0.3333,0.8938,-0.2714,0.992
44.198195,0.4362,0.9255,0.7780,1.285
44.223321,0.0426,0.9404,0.6466,1.142
44.223584,0.0426,0.9404,0.6466,1.142
44.243207,0.0589,1.0937,0.6220,1.260
44.288467,2.0583,0.8766,2.0003,3.001
44.289235,2.0583,0.8766,2.0003,3.001
44.315391,0.6561,0.7082,2.8459,3.005
44.326959,0.2565,0.0407,3.2555,3.266
44.349005,-1.2390,-0.5425,3.7901,4.024
44.370594,-0.4522,-1.0372,4.2795,4.427
44.397209,-1.1373,-1.7504,3.5478,4.116
44.420703,0.2427,-0.1587,-1.3084,1.340
44.438900,1.0928,1.2867,-3.0184,3.458
44.461402,-1.5459,-0.3098,-2.0208,2.563
44.480911,-1.4385,-0.5662,-1.4407,2.113
44.507748,-0.7306,-0.8700,-0.6812,1.325
44.508587,-0.7306,-0.8700,-0.6812,1.325
44.532838,-0.5737,-0.9740,-0.3903,1.196
44.548676,-0.7794,-0.9718,-0.3397,1.291
44.570121,-0.3831,-0.7515,-0.9672,1.283
44.596853,-0.0975,-0.0145,-1.7392,1.742
44.620722,-0.2677,0.2432,-2.2634,2.292
44.637134,-0.5918,0.1807,-1.8284,1.930
44.659261,-0.1372,0.4411,-2.0738,2.125
44.680606,0.1697,0.9393,-2.6787,2.844
44.707030,-0.5657,0.5646,-1.3890,1.603
44.738128,-0.5855,0.4601,-0.4896,0.891
44.741482,-0.5295,0.5062,-0.4492,0.859
44.752480,-0.3435,0.6384,-0.2800,0.777
44.794557,-0.0511,0.7076,1.1796,1.377
44.795314,-0.0511,0.7076,1.1796,1.377
44.822289,-0.3377,0.4952,1.1557,1.302
44.835372,-0.5232,0.1080,1.1135,1.235
44.858744,-0.7188,-0.2168,2.0592,2.192
44.879731,0.1309,1.5269,1.4329,2.098
44.906378,0.4982,0.4049,1.1628,1.328
44.934183,0.3979,-0.4896,1.8182,1.924
44.945836,1.0338,-0.7914,2.2596,2.608
44.968436,0.6793,-0.8366,1.7672,2.070
44.990418,0.7007,-0.3629,0.3634,0.869
45.018982,0.0337,-0.3415,-0.2975,0.454
45.019883,0.0933,-0.3427,-0.2619,0.441
45.058019,0.4976,-0.1564,-0.7489,0.913
45.086412,0.8269,-0.5545,-0.8846,1.332
45.087916,0.6685,-0.6896,-0.7439,1.215
45.125987,-0.0243,-0.4796,0.2331,0.534
45.127407,-0.0243,-0.4796,0.2331,0.534
45.154664,-0.5259,-0.2044,-1.5506,1.650
45.167113,-0.9166,-0.1570,-2.3589,2.536
45.193672,-0.4535,0.4611,-2.7526,2.828
45.216490,-0.0293,0.9606,-2.4263,2.610
45.233934,0.1193,1.0991,-2.3002,2.552
45.255721,0.1353,0.9086,-1.6757,1.911
45.277791,0.2424,0.7580,-1.0153,1.290
45.310709,0.1948,0.7564,-0.1217,0.791
45.312737,0.1948,0.7564,-0.1217,0.791
45.334159,-0.0744,0.7048,0.2901,0.766
45.350072,-0.0901,0.7957,0.4785,0.933
45.392639,-0.1720,0.6565,1.2026,1.381
45.393458,-0.1720,0.6565,1.2026,1.381
45.419597,0.1250,-0.2727,2.4064,2.425
45.434150,0.1899,0.2464,2.5979,2.616
45.453696,-0.1000,0.9155,1.9154,2.125
45.477003,-0.8585,-0.4682,2.3361,2.533
45.503510,-0.6379,-0.4861,3.5289,3.619
45.528072,-0.7221,-0.6801,2.3350,2.537
45.543664,-1.1361,-0.2892,0.1546,1.182
45.567219,-1.1008,-0.1925,-1.8010,2.120
45.587234,-0.8631,-0.1341,-1.0847,1.393
45.614423,-0.1068,0.2618,-0.0362,0.285
45.615227,-0.0294,0.1943,-0.0427,0.201
45.639588,-0.1145,-0.6714,-0.4481,0.815
45.655102,-0.2245,-0.9250,-0.4444,1.051
45.676219,-0.1177,-0.8517,-0.2296,0.890
45.700700,-0.4518,-0.5060,-1.0487,1.249
45.726651,0.0452,0.0058,-2.0661,2.067
45.742809,-0.1155,0.2040,-2.3215,2.333
45.764735,-0.3214,0.4333,-2.3355,2.397
45.786932,-0.3972,0.4609,-2.1502,2.235
45.813710,-0.3978,0.5964,-1.6544,1.803
45.839369,-0.2542,0.5602,-0.4574,0.767
45.839632,-0.2542,0.5602,-0.4574,0.767
45.858390,-0.4700,0.5553,-0.1221,0.738
45.901167,-0.3559,0.9517,-0.1096,1.022
45.901919,-0.3559,0.9517,-0.1096,1.022
45.927265,-0.0801,0.9866,0.3488,1.049
45.942718,0.1151,0.8373,1.0661,1.360
45.964611,-0.2361,-0.1692,2.2960,2.314
45.985985,-0.4658,-0.5034,3.2000,3.273
46.012889,0.7305,1.5495,2.0951,2.706
46.036106,0.2585,-0.0770,1.7913,1.811
46.051569,0.2175,-0.2998,2.1648,2.196
46.075527,1.7633,-0.6564,3.1076,3.633
46.095473,1.8417,-0.3160,2.0699,2.789
46.122377,0.4834,-0.5808,-0.1201,0.765
46.153602,0.4197,-0.8462,-0.6675,1.157
46.153996,0.4197,-0.8462,-0.6675,1.157
46.163749,0.5847,-0.5773,-0.8341,1.171
46.184836,0.7181,-0.4254,-1.4230,1.650
46.212197,0.9596,-0.9338,-2.0346,2.436
46.247358,-0.0723,-0.8510,-1.0278,1.336
46.248087,-0.0723,-0.8510,-1.0278,1.336
46.265706,-0.3333,-0.6331,-1.2738,1.461
46.300583,-0.1122,-0.0603,-2.7982,2.801
46.326372,0.0400,0.5618,-3.5539,3.598
46.327098,0.0400,0.5618,-3.5539,3.598
46.346825,0.1494,0.6986,-3.3613,3.436
46.368030,0.5352,0.7602,-2.3653,2.541
46.411626,0.3077,0.6170,-0.0414,0.691
46.413772,0.2275,0.5318,0.2804,0.643
46.460698,0.1528,0.8891,1.3319,1.609
46.461149,0.1376,0.9318,1.3120,1.615
46.471757,0.1480,0.9211,1.1999,1.520
46.497340,0.0085,1.1464,1.3236,1.751
46.515528,0.2357,1.2785,1.4909,1.978
46.537748,0.5688,0.4592,2.6341,2.734
46.560014,0.1659,0.0154,3.6615,3.665
46.583018,0.1017,1.1449,2.3999,2.661
46.609285,-0.6882,0.0841,0.8159,1.071
46.642757,-0.5197,-0.9164,3.7504,3.896
46.643051,-0.5197,-0.9164,3.7504,3.896
46.652486,-0.0157,-0.8219,3.9095,3.995
46.696198,-0.3439,-0.4195,-0.9258,1.073
46.697083,-0.4566,-0.5280,-1.4095,1.573
46.723435,-1.1110,-0.7153,-2.0801,2.464
46.738328,-0.9747,-0.5412,-1.1613,1.610
46.759813,0.1042,-0.4535,0.2538,0.530
46.788266,-0.0447,-0.9385,-0.5090,1.069
46.807814,-0.3004,-0.9312,-1.5118,1.801
46.831056,-0.3781,-0.5788,-2.0861,2.198
46.848129,0.0021,-0.3299,-2.3068,2.330
46.871185,-0.0888,0.1218,-2.0824,2.088
46.893002,-0.1127,0.1933,-1.6741,1.689
46.919398,0.2229,0.5764,-1.6688,1.780
46.920129,0.2229,0.5764,-1.6688,1.780
46.943686,0.2267,0.6106,-1.8195,1.933
46.959033,0.0054,0.5567,-2.0264,2.101
46.982850,-0.3662,0.2924,-1.6970,1.760
47.009947,-0.3908,0.1580,0.2470,0.489
47.038420,-0.2047,0.5097,1.0740,1.206
47.038669,-0.2047,0.5097,1.0740,1.206
47.058692,-0.3866,0.4897,0.9562,1.142
47.095970,-0.2754,0.4599,1.1037,1.227
47.119355,-0.3800,-0.0968,1.9157,1.955
47.119639,-0.3800,-0.0968,1.9157,1.955
47.140136,0.3628,1.0505,2.0902,2.367
47.160951,0.1868,0.9588,1.5824,1.860
47.180481,-0.0830,0.0207,1.5194,1.522
47.207882,0.5925,-0.8562,2.4743,2.684
47.231682,1.6447,-0.3052,2.6327,3.119
47.244559,1.3486,-0.0978,1.3213,1.891
47.267015,0.1258,-0.4647,-0.3093,0.572
47.290441,-0.1420,-0.5002,-1.1199,1.235
47.316225,0.1586,-0.1271,-1.3040,1.320
47.337904,0.4336,-0.1650,-1.3635,1.440
47.357357,0.5733,-0.9026,-1.3639,1.733
47.378864,0.4443,-0.9722,-0.2983,1.110
47.402016,0.1003,-0.5673,0.0485,0.578
47.429159,-0.2176,-0.3580,-1.4450,1.504
47.429939,-0.1981,-0.3556,-1.8906,1.934
47.455086,-0.0830,0.1365,-2.8333,2.838
47.466177,-0.2153,0.3425,-2.9710,2.998
47.490139,-0.3125,0.7635,-2.4294,2.566
47.516738,0.1848,1.0455,-1.6614,1.972
47.550980,0.3073,0.5535,-0.8473,1.058
47.551563,0.3073,0.5535,-0.8473,1.058
47.566546,0.4539,0.5349,-0.2050,0.731
47.604347,0.2492,0.7030,0.9755,1.228
47.634503,0.2559,0.7200,1.0550,1.303
47.634788,0.2559,0.7200,1.0550,1.303
47.648827,0.3945,0.8876,1.0059,1.398
47.668853,0.3342,1.0007,1.0521,1.490
47.689477,0.2294,0.5371,0.8777,1.054
47.716671,0.6576,0.1985,2.0390,2.152
47.752901,-0.3315,0.4407,2.1088,2.180
47.753630,-0.3315,0.4407,2.1088,2.180
47.776811,-0.2531,-0.1049,2.4313,2.447
47.798519,0.0785,-0.4657,2.3313,2.379
47.824518,0.1901,-0.4048,0.6408,0.781
47.845227,0.2068,-0.5993,-0.7657,0.994
47.865610,-0.5725,-0.5339,-1.1684,1.406
47.889054,-0.8865,-0.2362,-0.7014,1.155
47.911099,-0.7189,-0.2508,-0.7795,1.090
47.937327,-1.0559,-0.5709,-1.3786,1.828
47.938383,-1.2513,-0.7604,-1.6214,2.185
47.967162,-0.2027,-1.2159,-1.8278,2.205
47.975454,0.1914,-1.3510,-1.7847,2.247
47.999451,0.2268,-0.9303,-0.7456,1.214
48.026097,0.0312,-0.8177,-1.1279,1.393
48.050372,-0.1800,-0.8774,-1.6381,1.867
48.065674,-0.2156,-0.5484,-1.5365,1.646
48.085932,0.1744,-0.0350,-1.2946,1.307
48.108646,-0.1982,0.4678,-1.0053,1.126
48.136258,-0.6011,0.5536,-0.6508,1.045
48.137202,-0.6011,0.5536,-0.6508,1.045
48.165477,-1.0066,0.8638,-0.2627,1.352
48.200627,0.1024,1.2737,0.5078,1.375
48.202022,0.1024,1.2737,0.5078,1.375
48.223142,-0.3756,1.0874,0.5728,1.285
48.239905,-0.3325,1.0603,0.7570,1.345
48.262073,-0.2554,0.6859,0.7684,1.061
48.283910,-0.4795,0.3238,1.1405,1.279
48.311688,-0.4441,0.7814,0.8656,1.248
48.329344,-0.5791,0.6333,1.3374,1.589
48.351170,0.1834,0.3383,2.1265,2.161
48.373536,0.3163,-0.2674,2.8122,2.843
48.395722,1.0045,-0.4884,2.9143,3.121
48.418909,0.7089,-0.2424,1.4965,1.674
48.419805,0.7089,-0.2424,1.4965,1.674
48.439410,0.2949,-0.1483,-0.0216,0.331
48.461901,0.2559,-0.0856,-0.7503,0.797
48.484185,0.5511,-0.0506,-0.6868,0.882
48.512207,0.9276,-0.2292,-0.5053,1.081
48.535212,0.9327,-0.4836,-0.3698,1.114
48.553494,0.7369,-0.7070,-0.3300,1.073
48.574294,0.2892,-1.0084,-0.3987,1.122
48.595604,0.3399,-0.7449,-0.5703,0.998
48.623053,0.2482,-0.0524,-1.3360,1.360
48.624761,0.2482,-0.0524,-1.3360,1.360
48.644980,0.2236,0.1824,-2.2382,2.257
48.661734,0.0913,0.2391,-2.3180,2.332
48.682799,0.2683,0.3196,-1.8944,1.940
48.708392,0.6092,0.2076,-1.2985,1.449
48.728807,0.3877,0.1186,-0.9738,1.055
48.757303,0.0752,0.0912,-2.0703,2.074
48.777343,0.8089,0.3977,1.1102,1.430
48.795288,1.0472,0.9274,2.3529,2.737
48.817413,0.5762,0.6479,2.0034,2.183
48.843649,-0.0391,0.5668,-0.6613,0.872
